Abruzzo,Basilicata,Calabria,Campania,Emilia-Romagna,Friuli Venezia Giulia,Lazio,Liguria,Lombardia,Marche,Molise,P.A. Bolzano,P.A. Trento,Piemonte,Puglia,Sardegna,Sicilia,Toscana,Umbria,Valle d'Aosta,Veneto
0.0,0.0,0.0,0.0,12.0,0.0,2.0,0.0,95.0,0.0,0.0,0.0,0.0,2.0,0.0,0.0,0.0,0.0,0.0,0.0,16.0
0.0,0.0,0.0,0.0,17.0,0.0,2.0,1.0,104.0,0.0,0.0,1.0,0.0,2.0,0.0,0.0,1.0,2.0,0.0,0.0,19.0
0.0,0.0,0.0,0.0,23.0,0.0,0.0,6.0,104.0,1.0,0.0,1.0,0.0,2.0,0.0,0.0,1.0,2.0,0.0,0.0,24.0
1.0,0.0,0.0,2.0,42.0,0.0,0.0,9.0,213.0,3.0,0.0,1.0,0.0,2.0,1.0,0.0,1.0,2.0,0.0,0.0,27.0
1.0,0.0,0.0,2.0,62.0,0.0,0.0,9.0,282.0,5.0,0.0,1.0,0.0,7.0,1.0,0.0,1.0,5.0,0.0,0.0,33.0
2.0,0.0,0.0,3.0,97.0,0.0,3.0,5.0,336.0,8.0,0.0,1.0,0.0,7.0,1.0,0.0,1.0,7.0,0.0,0.0,35.0
3.0,0.0,0.0,4.0,140.0,0.0,3.0,13.0,512.0,17.0,0.0,1.0,0.0,13.0,1.0,0.0,1.0,7.0,0.0,0.0,64.0
3.0,0.0,0.0,4.0,164.0,0.0,3.0,13.0,605.0,23.0,0.0,1.0,0.0,14.0,2.0,0.0,2.0,7.0,0.0,0.0,67.0
5.0,0.0,0.0,11.0,211.0,1.0,10.0,14.0,865.0,40.0,3.0,1.0,1.0,16.0,2.0,1.0,2.0,10.0,2.0,0.0,68.0
7.0,0.0,0.0,11.0,282.0,3.0,18.0,13.0,1086.0,49.0,3.0,1.0,1.0,39.0,4.0,1.0,5.0,17.0,2.0,0.0,99.0
8.0,0.0,1.0,12.0,359.0,4.0,27.0,14.0,1413.0,76.0,4.0,1.0,2.0,60.0,6.0,2.0,5.0,29.0,2.0,0.0,116.0
9.0,1.0,2.0,12.0,450.0,4.0,34.0,17.0,1931.0,93.0,5.0,4.0,4.0,87.0,6.0,2.0,7.0,40.0,4.0,0.0,144.0
11.0,1.0,2.0,16.0,528.0,8.0,51.0,32.0,2020.0,130.0,5.0,8.0,7.0,148.0,11.0,2.0,8.0,61.0,4.0,1.0,164.0
14.0,2.0,5.0,37.0,617.0,8.0,55.0,50.0,2616.0,151.0,6.0,8.0,9.0,290.0,20.0,5.0,18.0,98.0,4.0,1.0,193.0
25.0,2.0,8.0,50.0,666.0,19.0,63.0,77.0,3242.0,183.0,6.0,8.0,12.0,272.0,26.0,8.0,19.0,116.0,6.0,4.0,237.0
26.0,2.0,10.0,41.0,767.0,33.0,65.0,86.0,3785.0,206.0,6.0,18.0,22.0,372.0,34.0,9.0,19.0,131.0,10.0,2.0,271.0
26.0,2.0,12.0,67.0,849.0,21.0,85.0,108.0,4412.0,278.0,7.0,12.0,32.0,394.0,42.0,10.0,24.0,141.0,12.0,2.0,330.0
59.0,2.0,16.0,67.0,926.0,33.0,105.0,136.0,4852.0,330.0,7.0,25.0,48.0,465.0,60.0,12.0,33.0,159.0,16.0,7.0,445.0
56.0,2.0,21.0,79.0,1070.0,67.0,146.0,172.0,5085.0,422.0,8.0,25.0,64.0,691.0,79.0,12.0,44.0,211.0,21.0,6.0,473.0
65.0,2.0,26.0,89.0,1228.0,78.0,206.0,275.0,5630.0,542.0,8.0,33.0,80.0,688.0,97.0,14.0,53.0,247.0,32.0,12.0,485.0
100.0,2.0,38.0,95.0,1384.0,110.0,254.0,319.0,6267.0,619.0,7.0,54.0,92.0,897.0,122.0,16.0,71.0,282.0,38.0,13.0,555.0
108.0,3.0,43.0,125.0,1559.0,115.0,298.0,328.0,6994.0,638.0,8.0,64.0,92.0,1231.0,122.0,39.0,95.0,282.0,45.0,33.0,654.0
126.0,7.0,55.0,151.0,1789.0,125.0,358.0,384.0,7832.0,708.0,12.0,82.0,129.0,1584.0,169.0,40.0,114.0,472.0,57.0,41.0,719.0
140.0,11.0,56.0,151.0,2031.0,155.0,418.0,501.0,8209.0,757.0,13.0,97.0,163.0,2007.0,186.0,49.0,129.0,587.0,75.0,44.0,841.0
228.0,13.0,73.0,249.0,2160.0,163.0,471.0,603.0,8393.0,797.0,25.0,105.0,199.0,2536.0,204.0,52.0,179.0,679.0,90.0,56.0,980.0
238.0,13.0,87.0,171.0,2350.0,175.0,584.0,694.0,8785.0,842.0,26.0,123.0,232.0,1821.0,222.0,71.0,210.0,790.0,99.0,63.0,1079.0
229.0,19.0,89.0,320.0,2532.0,189.0,661.0,727.0,9351.0,883.0,27.0,157.0,272.0,2277.0,242.0,81.0,254.0,866.0,121.0,77.0,1191.0
267.0,23.0,94.0,342.0,2698.0,210.0,750.0,868.0,10581.0,954.0,31.0,178.0,281.0,2426.0,289.0,83.0,275.0,921.0,132.0,84.0,1368.0
280.0,27.0,102.0,376.0,3122.0,226.0,814.0,894.0,10449.0,1030.0,32.0,178.0,295.0,2537.0,330.0,94.0,310.0,1076.0,148.0,89.0,1487.0
291.0,26.0,109.0,526.0,3265.0,244.0,841.0,950.0,10905.0,1011.0,34.0,204.0,357.0,2764.0,374.0,99.0,310.0,1162.0,148.0,91.0,1622.0
307.0,34.0,116.0,441.0,3474.0,252.0,906.0,1074.0,11262.0,1086.0,33.0,230.0,373.0,2925.0,413.0,101.0,339.0,1250.0,167.0,95.0,1723.0
344.0,38.0,124.0,562.0,3655.0,266.0,991.0,1152.0,11944.0,1143.0,35.0,266.0,366.0,3041.0,556.0,112.0,414.0,1296.0,190.0,97.0,1773.0
360.0,37.0,125.0,569.0,3769.0,279.0,1118.0,1180.0,12429.0,1141.0,35.0,294.0,407.0,3283.0,612.0,112.0,500.0,1327.0,195.0,115.0,1874.0
381.0,45.0,129.0,595.0,4011.0,282.0,1118.0,1198.0,12471.0,1153.0,35.0,276.0,423.0,3533.0,661.0,117.0,512.0,1370.0,203.0,116.0,1903.0
397.0,50.0,143.0,611.0,4102.0,296.0,1195.0,1243.0,12941.0,1168.0,34.0,290.0,431.0,3428.0,658.0,128.0,522.0,1386.0,212.0,116.0,1941.0
391.0,54.0,148.0,594.0,4130.0,289.0,1233.0,1317.0,13145.0,1165.0,35.0,293.0,431.0,3437.0,696.0,137.0,559.0,1395.0,220.0,118.0,1989.0
408.0,54.0,149.0,634.0,4118.0,275.0,1300.0,1332.0,13207.0,1115.0,37.0,311.0,434.0,3626.0,714.0,141.0,575.0,1413.0,219.0,117.0,2036.0
413.0,54.0,160.0,607.0,4257.0,266.0,1308.0,1293.0,13269.0,1152.0,40.0,326.0,421.0,3599.0,744.0,146.0,568.0,1417.0,218.0,112.0,2068.0
416.0,57.0,182.0,623.0,4310.0,259.0,1350.0,1292.0,13113.0,1150.0,38.0,339.0,417.0,3794.0,763.0,141.0,576.0,1430.0,218.0,110.0,2015.0
437.0,60.0,200.0,647.0,4279.0,262.0,1382.0,1320.0,13183.0,1140.0,39.0,351.0,423.0,3752.0,771.0,146.0,608.0,1437.0,213.0,110.0,2049.0
425.0,63.0,193.0,681.0,4217.0,233.0,1429.0,1290.0,13328.0,1150.0,37.0,352.0,434.0,3891.0,780.0,147.0,627.0,1415.0,211.0,86.0,2015.0
414.0,64.0,187.0,717.0,4214.0,235.0,1432.0,1291.0,13326.0,1138.0,39.0,292.0,432.0,3916.0,733.0,151.0,632.0,1387.0,204.0,119.0,2003.0
406.0,64.0,184.0,711.0,4176.0,235.0,1432.0,1303.0,13257.0,1141.0,39.0,297.0,433.0,3922.0,722.0,149.0,637.0,1395.0,205.0,130.0,2036.0
404.0,64.0,183.0,706.0,4116.0,229.0,1421.0,1246.0,13138.0,1101.0,40.0,389.0,438.0,3985.0,708.0,148.0,635.0,1350.0,198.0,135.0,1876.0
393.0,65.0,185.0,705.0,4130.0,203.0,1437.0,1262.0,12976.0,1107.0,34.0,333.0,431.0,3916.0,729.0,143.0,628.0,1326.0,196.0,140.0,1839.0
363.0,67.0,183.0,698.0,4077.0,204.0,1442.0,1257.0,13032.0,1078.0,34.0,327.0,414.0,3926.0,716.0,131.0,629.0,1294.0,192.0,136.0,1804.0
358.0,74.0,182.0,690.0,3945.0,200.0,1437.0,1227.0,13079.0,1052.0,32.0,316.0,405.0,3891.0,711.0,133.0,630.0,1267.0,185.0,147.0,1778.0
369.0,72.0,184.0,667.0,3871.0,200.0,1467.0,1149.0,13200.0,1078.0,32.0,302.0,397.0,3819.0,700.0,137.0,620.0,1234.0,176.0,135.0,1716.0
400.0,73.0,179.0,608.0,3826.0,188.0,1469.0,1176.0,13145.0,1063.0,31.0,228.0,383.0,3810.0,680.0,135.0,605.0,1221.0,168.0,125.0,1677.0
405.0,76.0,172.0,686.0,3821.0,189.0,1514.0,1226.0,13171.0,1067.0,32.0,231.0,382.0,3723.0,671.0,134.0,605.0,1217.0,165.0,124.0,1672.0
397.0,74.0,173.0,700.0,3801.0,194.0,1543.0,1100.0,13199.0,1043.0,30.0,216.0,379.0,3762.0,673.0,131.0,605.0,1227.0,164.0,126.0,1660.0
385.0,72.0,167.0,693.0,3713.0,187.0,1538.0,1079.0,13117.0,994.0,31.0,198.0,360.0,3704.0,665.0,133.0,590.0,1193.0,159.0,123.0,1621.0
366.0,69.0,166.0,694.0,3676.0,185.0,1544.0,1060.0,12388.0,952.0,29.0,214.0,339.0,3764.0,661.0,133.0,573.0,1153.0,149.0,117.0,1597.0
362.0,68.0,161.0,698.0,3639.0,171.0,1519.0,1002.0,11598.0,933.0,30.0,213.0,330.0,3599.0,652.0,136.0,567.0,1105.0,142.0,117.0,1556.0
362.0,68.0,159.0,681.0,3530.0,168.0,1562.0,1006.0,10989.0,892.0,31.0,207.0,318.0,3594.0,654.0,135.0,568.0,1081.0,141.0,117.0,1477.0
357.0,67.0,148.0,651.0,3455.0,165.0,1555.0,986.0,11264.0,885.0,31.0,185.0,319.0,3506.0,650.0,139.0,563.0,1044.0,138.0,112.0,1448.0
358.0,66.0,147.0,647.0,3427.0,162.0,1573.0,980.0,11039.0,872.0,29.0,179.0,312.0,3600.0,650.0,136.0,565.0,1032.0,142.0,110.0,1453.0
353.0,71.0,140.0,590.0,3327.0,160.0,1564.0,1008.0,10656.0,862.0,29.0,179.0,292.0,3409.0,634.0,133.0,551.0,1004.0,129.0,107.0,1407.0
344.0,72.0,135.0,576.0,3246.0,154.0,1571.0,952.0,10509.0,811.0,23.0,176.0,279.0,3486.0,624.0,117.0,535.0,994.0,117.0,100.0,1368.0
353.0,68.0,136.0,586.0,3155.0,156.0,1571.0,874.0,9982.0,798.0,20.0,158.0,263.0,3300.0,591.0,110.0,510.0,959.0,119.0,100.0,1329.0
355.0,66.0,130.0,568.0,3071.0,152.0,1580.0,847.0,9547.0,766.0,20.0,164.0,252.0,3175.0,547.0,114.0,493.0,897.0,113.0,95.0,1289.0
349.0,65.0,132.0,598.0,2964.0,137.0,1604.0,842.0,9213.0,747.0,20.0,155.0,229.0,3175.0,517.0,114.0,485.0,853.0,113.0,89.0,1234.0
348.0,64.0,126.0,581.0,2940.0,142.0,1603.0,830.0,9187.0,726.0,21.0,152.0,223.0,3080.0,512.0,115.0,478.0,835.0,108.0,89.0,1221.0
351.0,64.0,120.0,578.0,2887.0,143.0,1607.0,837.0,8205.0,725.0,21.0,166.0,224.0,3044.0,500.0,116.0,475.0,825.0,106.0,93.0,1222.0
333.0,63.0,119.0,577.0,2802.0,149.0,1600.0,799.0,7935.0,724.0,19.0,151.0,204.0,2903.0,499.0,114.0,462.0,763.0,97.0,86.0,1187.0
328.0,55.0,113.0,549.0,2753.0,146.0,1575.0,767.0,7754.0,692.0,18.0,133.0,187.0,2839.0,496.0,104.0,449.0,715.0,93.0,83.0,1156.0
322.0,53.0,111.0,513.0,2352.0,120.0,1532.0,745.0,7439.0,513.0,18.0,139.0,179.0,2820.0,481.0,103.0,441.0,672.0,84.0,80.0,1126.0
313.0,53.0,108.0,507.0,2309.0,137.0,1477.0,734.0,7191.0,457.0,18.0,123.0,165.0,2684.0,467.0,96.0,429.0,644.0,73.0,75.0,1087.0
319.0,52.0,104.0,497.0,2229.0,136.0,1466.0,715.0,7074.0,445.0,10.0,123.0,157.0,2728.0,455.0,99.0,426.0,637.0,73.0,73.0,1078.0
316.0,51.0,99.0,485.0,2194.0,137.0,1441.0,695.0,7141.0,443.0,9.0,120.0,153.0,2665.0,450.0,102.0,412.0,625.0,71.0,76.0,1058.0
316.0,53.0,97.0,462.0,2167.0,134.0,1430.0,678.0,6946.0,433.0,10.0,113.0,152.0,2552.0,436.0,100.0,403.0,619.0,69.0,76.0,1056.0
300.0,53.0,96.0,433.0,2108.0,124.0,1406.0,651.0,6710.0,429.0,10.0,110.0,141.0,2462.0,423.0,103.0,393.0,595.0,67.0,59.0,1024.0
296.0,50.0,90.0,458.0,1992.0,118.0,1442.0,607.0,6559.0,395.0,9.0,110.0,129.0,2297.0,401.0,102.0,384.0,554.0,64.0,53.0,992.0
275.0,50.0,83.0,442.0,1899.0,111.0,1380.0,582.0,6328.0,369.0,8.0,98.0,110.0,2297.0,390.0,99.0,370.0,528.0,56.0,51.0,959.0
260.0,50.0,75.0,446.0,1843.0,107.0,1362.0,563.0,6102.0,341.0,6.0,87.0,105.0,2153.0,382.0,100.0,329.0,483.0,53.0,47.0,910.0
256.0,46.0,70.0,441.0,1759.0,104.0,1359.0,543.0,5865.0,317.0,8.0,64.0,97.0,2153.0,377.0,98.0,294.0,443.0,51.0,48.0,475.0
243.0,46.0,68.0,455.0,1712.0,101.0,1349.0,522.0,5776.0,314.0,9.0,69.0,92.0,2161.0,377.0,93.0,289.0,428.0,48.0,48.0,445.0
240.0,47.0,65.0,459.0,1678.0,99.0,1349.0,522.0,5738.0,305.0,11.0,70.0,95.0,2156.0,372.0,94.0,287.0,424.0,44.0,45.0,438.0
230.0,48.0,66.0,434.0,1520.0,98.0,1342.0,482.0,5544.0,254.0,14.0,63.0,89.0,2036.0,365.0,88.0,249.0,379.0,45.0,45.0,426.0
221.0,43.0,65.0,421.0,1288.0,94.0,1307.0,465.0,5314.0,231.0,10.0,63.0,85.0,1980.0,337.0,88.0,225.0,356.0,40.0,38.0,394.0
221.0,35.0,61.0,406.0,983.0,151.0,1257.0,443.0,5115.0,207.0,11.0,61.0,75.0,1891.0,320.0,86.0,215.0,337.0,27.0,38.0,368.0
211.0,34.0,58.0,358.0,877.0,83.0,1252.0,416.0,4981.0,196.0,10.0,55.0,62.0,1701.0,308.0,85.0,209.0,305.0,27.0,37.0,335.0
202.0,30.0,58.0,367.0,852.0,82.0,1232.0,395.0,4789.0,171.0,10.0,53.0,52.0,1662.0,294.0,85.0,171.0,300.0,27.0,33.0,310.0
199.0,30.0,58.0,359.0,832.0,83.0,1224.0,384.0,4735.0,169.0,13.0,55.0,49.0,1721.0,284.0,86.0,158.0,281.0,27.0,31.0,295.0
197.0,30.0,55.0,359.0,813.0,84.0,1210.0,383.0,4734.0,173.0,11.0,58.0,49.0,1688.0,276.0,82.0,150.0,263.0,26.0,30.0,285.0
194.0,27.0,52.0,347.0,769.0,78.0,1198.0,360.0,4670.0,161.0,11.0,52.0,50.0,1675.0,269.0,80.0,137.0,246.0,27.0,27.0,277.0
191.0,23.0,50.0,330.0,722.0,78.0,1193.0,332.0,4512.0,141.0,9.0,48.0,45.0,1609.0,263.0,78.0,129.0,223.0,27.0,26.0,271.0
180.0,16.0,48.0,321.0,684.0,74.0,1178.0,305.0,4345.0,127.0,10.0,55.0,46.0,1562.0,256.0,76.0,118.0,210.0,19.0,27.0,252.0
161.0,16.0,48.0,321.0,641.0,70.0,1178.0,288.0,4235.0,116.0,10.0,39.0,36.0,1493.0,250.0,64.0,113.0,204.0,18.0,24.0,227.0
160.0,15.0,44.0,305.0,608.0,64.0,1157.0,267.0,4225.0,115.0,10.0,40.0,32.0,1367.0,232.0,64.0,104.0,197.0,17.0,25.0,219.0
152.0,14.0,44.0,319.0,602.0,63.0,1149.0,265.0,4214.0,114.0,8.0,35.0,31.0,1358.0,221.0,54.0,100.0,186.0,17.0,24.0,196.0
152.0,13.0,43.0,294.0,596.0,63.0,1145.0,254.0,3917.0,108.0,7.0,34.0,31.0,1299.0,205.0,52.0,98.0,189.0,17.0,20.0,189.0
145.0,8.0,42.0,291.0,573.0,60.0,1142.0,242.0,3805.0,107.0,7.0,33.0,27.0,1232.0,189.0,43.0,93.0,179.0,14.0,18.0,188.0
141.0,7.0,36.0,281.0,537.0,52.0,1127.0,219.0,3801.0,103.0,5.0,32.0,21.0,1186.0,187.0,43.0,83.0,163.0,15.0,18.0,177.0
131.0,6.0,32.0,266.0,526.0,52.0,1099.0,211.0,3643.0,92.0,5.0,21.0,20.0,1122.0,180.0,40.0,80.0,153.0,16.0,16.0,157.0
125.0,5.0,26.0,243.0,505.0,47.0,876.0,205.0,3725.0,78.0,5.0,22.0,19.0,1090.0,170.0,39.0,74.0,142.0,17.0,12.0,144.0
125.0,5.0,24.0,243.0,463.0,46.0,827.0,195.0,3479.0,75.0,5.0,17.0,16.0,1048.0,162.0,36.0,74.0,133.0,17.0,13.0,127.0
108.0,4.0,23.0,232.0,450.0,42.0,787.0,203.0,3301.0,71.0,4.0,17.0,16.0,1031.0,154.0,35.0,72.0,125.0,17.0,12.0,118.0
119.0,4.0,21.0,230.0,437.0,42.0,650.0,198.0,3252.0,72.0,4.0,17.0,17.0,958.0,151.0,24.0,73.0,110.0,17.0,11.0,116.0
119.0,4.0,21.0,243.0,408.0,42.0,636.0,182.0,3187.0,69.0,5.0,16.0,16.0,895.0,145.0,22.0,69.0,110.0,17.0,10.0,108.0
115.0,4.0,20.0,210.0,392.0,41.0,570.0,175.0,3126.0,65.0,3.0,16.0,17.0,885.0,141.0,13.0,67.0,101.0,17.0,9.0,108.0
112.0,3.0,19.0,165.0,369.0,36.0,539.0,155.0,3079.0,57.0,2.0,9.0,15.0,851.0,140.0,13.0,63.0,89.0,17.0,9.0,99.0
107.0,0.0,18.0,140.0,319.0,27.0,531.0,148.0,3080.0,55.0,2.0,12.0,9.0,783.0,116.0,11.0,60.0,78.0,14.0,9.0,98.0
99.0,0.0,18.0,104.0,291.0,26.0,526.0,140.0,2950.0,49.0,2.0,9.0,7.0,721.0,113.0,11.0,54.0,71.0,13.0,7.0,84.0
92.0,0.0,18.0,92.0,277.0,26.0,516.0,132.0,2908.0,43.0,2.0,9.0,7.0,697.0,100.0,11.0,49.0,72.0,12.0,6.0,82.0
93.0,0.0,18.0,88.0,270.0,25.0,515.0,130.0,2815.0,43.0,2.0,9.0,8.0,669.0,98.0,10.0,47.0,70.0,12.0,7.0,83.0
95.0,1.0,18.0,76.0,257.0,23.0,509.0,124.0,2756.0,32.0,2.0,9.0,7.0,638.0,81.0,10.0,45.0,63.0,14.0,7.0,77.0
88.0,1.0,18.0,76.0,253.0,26.0,415.0,113.0,2663.0,29.0,2.0,9.0,7.0,599.0,75.0,10.0,46.0,55.0,15.0,3.0,66.0
86.0,1.0,17.0,76.0,234.0,22.0,366.0,110.0,2585.0,26.0,2.0,10.0,6.0,577.0,68.0,11.0,42.0,57.0,13.0,6.0,52.0
80.0,1.0,17.0,63.0,217.0,18.0,340.0,106.0,2454.0,22.0,2.0,10.0,6.0,557.0,63.0,11.0,37.0,50.0,11.0,6.0,49.0
76.0,1.0,16.0,69.0,207.0,15.0,348.0,94.0,2348.0,22.0,0.0,9.0,6.0,537.0,62.0,12.0,36.0,49.0,11.0,7.0,42.0
75.0,1.0,16.0,55.0,206.0,16.0,342.0,88.0,2210.0,21.0,0.0,10.0,6.0,543.0,59.0,12.0,35.0,50.0,10.0,7.0,41.0
74.0,1.0,18.0,60.0,201.0,16.0,341.0,89.0,2112.0,18.0,0.0,9.0,5.0,545.0,58.0,12.0,34.0,47.0,10.0,7.0,39.0
70.0,1.0,18.0,59.0,191.0,14.0,346.0,78.0,1971.0,19.0,1.0,9.0,2.0,500.0,50.0,13.0,36.0,48.0,9.0,6.0,37.0
63.0,1.0,18.0,50.0,184.0,16.0,322.0,75.0,1855.0,21.0,1.0,9.0,2.0,473.0,48.0,11.0,28.0,47.0,9.0,5.0,38.0
60.0,1.0,18.0,58.0,170.0,16.0,299.0,72.0,1733.0,19.0,1.0,10.0,2.0,422.0,35.0,10.0,27.0,36.0,7.0,5.0,34.0
54.0,1.0,18.0,50.0,156.0,16.0,285.0,69.0,1597.0,14.0,2.0,4.0,2.0,385.0,32.0,10.0,26.0,30.0,7.0,4.0,31.0
52.0,1.0,18.0,49.0,151.0,17.0,286.0,64.0,1455.0,13.0,2.0,4.0,1.0,375.0,33.0,9.0,26.0,31.0,7.0,4.0,28.0
53.0,1.0,17.0,42.0,143.0,16.0,286.0,61.0,1313.0,14.0,2.0,5.0,0.0,375.0,33.0,9.0,26.0,28.0,5.0,4.0,29.0
52.0,1.0,15.0,40.0,141.0,15.0,224.0,59.0,1098.0,13.0,3.0,5.0,0.0,365.0,33.0,9.0,26.0,27.0,5.0,4.0,30.0
49.0,1.0,9.0,47.0,133.0,14.0,200.0,62.0,961.0,11.0,3.0,4.0,0.0,348.0,32.0,7.0,22.0,26.0,5.0,3.0,31.0
43.0,1.0,9.0,35.0,129.0,13.0,194.0,60.0,740.0,12.0,2.0,4.0,0.0,352.0,29.0,7.0,22.0,31.0,4.0,3.0,27.0
34.0,1.0,10.0,47.0,125.0,12.0,193.0,57.0,670.0,10.0,2.0,4.0,1.0,331.0,27.0,6.0,22.0,30.0,4.0,2.0,30.0
32.0,1.0,9.0,42.0,121.0,13.0,198.0,57.0,548.0,10.0,1.0,4.0,1.0,321.0,27.0,5.0,22.0,27.0,3.0,2.0,17.0
33.0,1.0,9.0,45.0,117.0,12.0,198.0,52.0,458.0,9.0,0.0,5.0,2.0,315.0,27.0,6.0,24.0,20.0,3.0,2.0,19.0
30.0,1.0,4.0,39.0,120.0,12.0,200.0,51.0,366.0,9.0,0.0,4.0,2.0,317.0,27.0,6.0,25.0,22.0,3.0,3.0,17.0
30.0,1.0,4.0,20.0,123.0,12.0,203.0,50.0,364.0,9.0,0.0,3.0,1.0,294.0,28.0,6.0,24.0,20.0,3.0,3.0,18.0
33.0,1.0,4.0,29.0,120.0,9.0,202.0,49.0,339.0,8.0,0.0,4.0,1.0,279.0,25.0,6.0,22.0,23.0,4.0,4.0,21.0
32.0,0.0,4.0,16.0,114.0,6.0,202.0,45.0,318.0,8.0,0.0,4.0,1.0,271.0,24.0,5.0,21.0,18.0,4.0,2.0,17.0
28.0,0.0,4.0,15.0,105.0,6.0,199.0,44.0,282.0,8.0,0.0,3.0,1.0,259.0,24.0,7.0,20.0,14.0,4.0,2.0,20.0
27.0,0.0,4.0,35.0,96.0,6.0,199.0,43.0,282.0,6.0,0.0,3.0,2.0,245.0,21.0,6.0,18.0,16.0,4.0,3.0,19.0
28.0,0.0,3.0,37.0,96.0,6.0,208.0,41.0,267.0,5.0,0.0,3.0,2.0,234.0,21.0,6.0,17.0,13.0,4.0,3.0,17.0
30.0,0.0,3.0,36.0,97.0,7.0,210.0,46.0,266.0,5.0,0.0,3.0,2.0,235.0,20.0,4.0,15.0,14.0,4.0,4.0,18.0
30.0,0.0,4.0,42.0,99.0,9.0,212.0,46.0,269.0,5.0,0.0,3.0,3.0,219.0,18.0,3.0,16.0,14.0,4.0,4.0,18.0
28.0,0.0,4.0,48.0,108.0,7.0,215.0,38.0,265.0,5.0,0.0,3.0,3.0,218.0,12.0,5.0,12.0,13.0,3.0,4.0,19.0
27.0,1.0,4.0,36.0,109.0,8.0,211.0,37.0,245.0,5.0,0.0,6.0,3.0,213.0,14.0,3.0,7.0,14.0,3.0,4.0,20.0
26.0,2.0,4.0,45.0,106.0,2.0,211.0,35.0,232.0,5.0,0.0,6.0,1.0,203.0,14.0,3.0,6.0,13.0,3.0,4.0,19.0
26.0,3.0,4.0,44.0,106.0,2.0,210.0,26.0,217.0,4.0,0.0,6.0,1.0,202.0,13.0,3.0,6.0,11.0,4.0,4.0,17.0
25.0,3.0,4.0,47.0,103.0,1.0,211.0,26.0,202.0,4.0,0.0,6.0,2.0,199.0,12.0,3.0,6.0,10.0,4.0,2.0,23.0
22.0,3.0,4.0,13.0,103.0,2.0,209.0,25.0,191.0,4.0,1.0,6.0,2.0,199.0,12.0,3.0,5.0,11.0,4.0,2.0,23.0
19.0,3.0,4.0,16.0,102.0,3.0,202.0,24.0,198.0,4.0,1.0,6.0,2.0,189.0,10.0,3.0,6.0,10.0,4.0,2.0,25.0
19.0,3.0,5.0,17.0,102.0,4.0,198.0,23.0,203.0,4.0,1.0,6.0,2.0,184.0,10.0,4.0,4.0,10.0,4.0,3.0,31.0
17.0,3.0,5.0,52.0,97.0,5.0,200.0,24.0,200.0,4.0,1.0,6.0,1.0,171.0,10.0,4.0,4.0,12.0,5.0,1.0,32.0
17.0,3.0,5.0,24.0,97.0,7.0,184.0,28.0,187.0,4.0,1.0,6.0,1.0,165.0,11.0,4.0,6.0,14.0,5.0,1.0,33.0
17.0,3.0,6.0,50.0,95.0,7.0,184.0,29.0,181.0,4.0,1.0,6.0,0.0,156.0,12.0,5.0,9.0,13.0,6.0,2.0,35.0
15.0,3.0,5.0,45.0,93.0,7.0,183.0,28.0,171.0,3.0,1.0,6.0,0.0,156.0,14.0,7.0,14.0,13.0,6.0,2.0,35.0
14.0,2.0,4.0,34.0,89.0,7.0,189.0,27.0,170.0,3.0,1.0,6.0,0.0,158.0,14.0,7.0,12.0,12.0,6.0,2.0,35.0
13.0,2.0,3.0,32.0,97.0,7.0,184.0,28.0,172.0,3.0,1.0,6.0,1.0,156.0,14.0,7.0,12.0,10.0,6.0,1.0,37.0
12.0,2.0,3.0,34.0,91.0,7.0,184.0,29.0,172.0,3.0,1.0,6.0,1.0,150.0,11.0,7.0,12.0,12.0,6.0,1.0,37.0
9.0,2.0,3.0,30.0,88.0,8.0,183.0,31.0,166.0,3.0,1.0,6.0,2.0,152.0,11.0,7.0,13.0,13.0,6.0,1.0,37.0
10.0,2.0,3.0,36.0,85.0,8.0,189.0,29.0,156.0,3.0,0.0,6.0,2.0,150.0,11.0,7.0,13.0,15.0,6.0,1.0,30.0
13.0,2.0,3.0,19.0,83.0,11.0,193.0,26.0,161.0,3.0,0.0,6.0,2.0,152.0,11.0,7.0,13.0,14.0,7.0,1.0,32.0
13.0,2.0,3.0,30.0,82.0,10.0,195.0,27.0,161.0,4.0,0.0,6.0,2.0,146.0,16.0,6.0,17.0,13.0,7.0,1.0,31.0
15.0,2.0,3.0,32.0,79.0,11.0,198.0,30.0,152.0,4.0,1.0,7.0,1.0,148.0,15.0,6.0,22.0,13.0,7.0,1.0,32.0
14.0,2.0,3.0,33.0,81.0,10.0,202.0,30.0,151.0,5.0,1.0,7.0,1.0,146.0,15.0,5.0,26.0,13.0,8.0,1.0,31.0
15.0,2.0,3.0,31.0,75.0,9.0,203.0,27.0,164.0,4.0,1.0,7.0,1.0,141.0,15.0,5.0,31.0,13.0,8.0,1.0,33.0
15.0,2.0,3.0,27.0,69.0,10.0,207.0,21.0,167.0,5.0,1.0,7.0,0.0,129.0,17.0,3.0,31.0,15.0,8.0,1.0,31.0
15.0,2.0,4.0,55.0,69.0,11.0,197.0,21.0,164.0,6.0,1.0,7.0,0.0,129.0,17.0,3.0,35.0,17.0,7.0,1.0,34.0
14.0,2.0,4.0,54.0,63.0,11.0,192.0,19.0,155.0,6.0,1.0,7.0,0.0,108.0,18.0,3.0,40.0,17.0,6.0,1.0,36.0
14.0,2.0,5.0,42.0,71.0,11.0,181.0,19.0,167.0,8.0,1.0,7.0,1.0,101.0,19.0,4.0,39.0,16.0,7.0,1.0,32.0
17.0,2.0,6.0,38.0,72.0,12.0,185.0,20.0,162.0,11.0,1.0,7.0,1.0,100.0,20.0,3.0,39.0,15.0,7.0,1.0,31.0
17.0,2.0,6.0,49.0,71.0,12.0,183.0,21.0,171.0,13.0,1.0,7.0,3.0,100.0,23.0,3.0,39.0,17.0,7.0,1.0,29.0
19.0,2.0,7.0,46.0,83.0,9.0,187.0,22.0,169.0,15.0,1.0,7.0,3.0,107.0,22.0,3.0,37.0,18.0,7.0,1.0,37.0
20.0,2.0,7.0,45.0,77.0,10.0,195.0,18.0,175.0,15.0,1.0,8.0,3.0,98.0,24.0,5.0,38.0,18.0,6.0,1.0,39.0
21.0,2.0,8.0,21.0,82.0,13.0,193.0,20.0,179.0,16.0,1.0,8.0,3.0,94.0,24.0,7.0,41.0,20.0,8.0,1.0,42.0
23.0,2.0,8.0,34.0,83.0,16.0,192.0,23.0,179.0,13.0,1.0,8.0,5.0,91.0,26.0,8.0,41.0,18.0,8.0,5.0,37.0
25.0,2.0,10.0,34.0,85.0,14.0,197.0,21.0,171.0,14.0,1.0,8.0,5.0,90.0,27.0,6.0,41.0,15.0,8.0,5.0,35.0
24.0,2.0,10.0,31.0,85.0,14.0,197.0,22.0,164.0,13.0,1.0,8.0,6.0,88.0,31.0,6.0,44.0,15.0,8.0,5.0,34.0
25.0,0.0,9.0,35.0,83.0,13.0,203.0,22.0,159.0,11.0,1.0,8.0,7.0,90.0,37.0,6.0,51.0,17.0,8.0,5.0,35.0
24.0,0.0,9.0,46.0,80.0,11.0,212.0,20.0,170.0,11.0,1.0,6.0,5.0,88.0,39.0,6.0,50.0,19.0,9.0,5.0,39.0
24.0,0.0,9.0,45.0,82.0,10.0,199.0,19.0,175.0,10.0,0.0,6.0,3.0,79.0,45.0,6.0,49.0,18.0,9.0,5.0,39.0
25.0,0.0,9.0,40.0,83.0,10.0,204.0,22.0,181.0,8.0,0.0,8.0,2.0,80.0,48.0,8.0,48.0,16.0,10.0,3.0,36.0
24.0,0.0,8.0,48.0,80.0,6.0,201.0,20.0,165.0,11.0,0.0,8.0,3.0,80.0,46.0,8.0,52.0,15.0,10.0,3.0,39.0
26.0,0.0,9.0,35.0,79.0,5.0,202.0,20.0,161.0,14.0,0.0,8.0,2.0,84.0,47.0,8.0,52.0,13.0,10.0,2.0,42.0
26.0,0.0,10.0,44.0,78.0,6.0,213.0,22.0,160.0,13.0,0.0,8.0,2.0,83.0,48.0,8.0,56.0,14.0,11.0,2.0,39.0
28.0,0.0,9.0,48.0,78.0,9.0,221.0,25.0,161.0,13.0,0.0,9.0,2.0,77.0,51.0,9.0,60.0,15.0,11.0,1.0,41.0
28.0,0.0,11.0,51.0,76.0,8.0,224.0,26.0,164.0,14.0,0.0,9.0,3.0,83.0,56.0,9.0,60.0,20.0,10.0,1.0,48.0
27.0,0.0,11.0,53.0,88.0,10.0,235.0,24.0,165.0,14.0,0.0,9.0,3.0,84.0,55.0,11.0,61.0,25.0,11.0,1.0,45.0
28.0,0.0,12.0,58.0,85.0,12.0,244.0,22.0,171.0,15.0,1.0,9.0,3.0,86.0,61.0,12.0,49.0,29.0,11.0,1.0,42.0
31.0,0.0,12.0,68.0,85.0,11.0,254.0,20.0,166.0,14.0,1.0,9.0,4.0,89.0,65.0,13.0,53.0,33.0,11.0,1.0,48.0
33.0,0.0,12.0,56.0,83.0,11.0,271.0,19.0,162.0,12.0,1.0,9.0,4.0,84.0,66.0,14.0,53.0,36.0,13.0,1.0,48.0
32.0,1.0,12.0,63.0,85.0,12.0,292.0,19.0,162.0,13.0,1.0,9.0,4.0,83.0,72.0,18.0,60.0,42.0,12.0,1.0,47.0
35.0,2.0,14.0,74.0,90.0,13.0,305.0,22.0,168.0,13.0,2.0,9.0,4.0,88.0,85.0,18.0,63.0,44.0,13.0,1.0,47.0
34.0,2.0,15.0,79.0,95.0,15.0,287.0,24.0,173.0,14.0,2.0,9.0,5.0,85.0,92.0,19.0,63.0,46.0,13.0,1.0,51.0
35.0,2.0,14.0,78.0,98.0,14.0,269.0,23.0,175.0,9.0,3.0,9.0,5.0,89.0,98.0,21.0,69.0,49.0,12.0,0.0,52.0
38.0,2.0,14.0,112.0,101.0,13.0,274.0,26.0,187.0,8.0,3.0,9.0,5.0,84.0,100.0,26.0,72.0,48.0,13.0,0.0,63.0
40.0,2.0,14.0,126.0,103.0,13.0,289.0,28.0,189.0,9.0,3.0,9.0,7.0,88.0,109.0,25.0,78.0,51.0,12.0,1.0,56.0
38.0,2.0,17.0,74.0,108.0,15.0,301.0,30.0,203.0,11.0,3.0,10.0,4.0,86.0,117.0,26.0,80.0,49.0,12.0,1.0,60.0
38.0,2.0,17.0,114.0,110.0,16.0,317.0,33.0,214.0,13.0,3.0,10.0,4.0,90.0,122.0,31.0,78.0,53.0,11.0,2.0,59.0
36.0,2.0,21.0,96.0,115.0,15.0,335.0,39.0,217.0,14.0,3.0,10.0,6.0,105.0,123.0,32.0,80.0,60.0,12.0,2.0,59.0
30.0,2.0,22.0,149.0,115.0,14.0,344.0,44.0,233.0,15.0,3.0,10.0,5.0,99.0,130.0,37.0,81.0,62.0,11.0,3.0,78.0
31.0,2.0,21.0,167.0,114.0,14.0,352.0,44.0,242.0,15.0,3.0,10.0,5.0,97.0,146.0,37.0,88.0,66.0,10.0,3.0,79.0
34.0,3.0,21.0,189.0,119.0,15.0,360.0,46.0,252.0,14.0,3.0,10.0,4.0,99.0,154.0,41.0,93.0,70.0,12.0,3.0,83.0
33.0,4.0,20.0,201.0,127.0,15.0,372.0,54.0,270.0,13.0,3.0,10.0,7.0,117.0,157.0,47.0,98.0,75.0,14.0,2.0,89.0
34.0,4.0,20.0,213.0,134.0,18.0,355.0,61.0,268.0,14.0,3.0,10.0,6.0,113.0,155.0,52.0,100.0,77.0,15.0,1.0,88.0
34.0,5.0,25.0,228.0,138.0,19.0,365.0,71.0,273.0,15.0,3.0,10.0,5.0,119.0,162.0,53.0,99.0,85.0,15.0,1.0,91.0
33.0,5.0,30.0,230.0,137.0,20.0,368.0,77.0,268.0,17.0,3.0,10.0,5.0,113.0,173.0,56.0,114.0,86.0,17.0,1.0,98.0
36.0,5.0,30.0,229.0,146.0,22.0,363.0,96.0,275.0,17.0,5.0,8.0,6.0,113.0,170.0,58.0,117.0,83.0,17.0,2.0,105.0
37.0,5.0,29.0,236.0,156.0,20.0,367.0,98.0,279.0,16.0,4.0,8.0,7.0,109.0,178.0,63.0,120.0,80.0,19.0,2.0,95.0
38.0,5.0,31.0,242.0,160.0,20.0,381.0,102.0,286.0,13.0,4.0,8.0,6.0,119.0,187.0,69.0,126.0,87.0,19.0,2.0,95.0
40.0,5.0,31.0,252.0,158.0,20.0,379.0,108.0,273.0,15.0,4.0,8.0,6.0,111.0,196.0,73.0,129.0,89.0,23.0,2.0,102.0
40.0,6.0,31.0,271.0,169.0,20.0,417.0,120.0,278.0,14.0,3.0,8.0,8.0,113.0,197.0,76.0,134.0,92.0,22.0,3.0,111.0
44.0,6.0,32.0,290.0,173.0,25.0,441.0,126.0,280.0,16.0,4.0,8.0,9.0,108.0,204.0,94.0,137.0,97.0,23.0,3.0,109.0
45.0,6.0,31.0,305.0,183.0,25.0,427.0,138.0,290.0,17.0,5.0,8.0,11.0,123.0,214.0,101.0,152.0,100.0,24.0,4.0,110.0
46.0,7.0,33.0,313.0,185.0,26.0,471.0,140.0,292.0,19.0,6.0,16.0,9.0,120.0,217.0,104.0,158.0,110.0,29.0,5.0,117.0
47.0,7.0,30.0,320.0,193.0,25.0,485.0,149.0,294.0,17.0,4.0,19.0,13.0,129.0,218.0,105.0,171.0,108.0,32.0,5.0,121.0
50.0,7.0,30.0,323.0,199.0,26.0,508.0,150.0,304.0,22.0,4.0,17.0,11.0,142.0,214.0,101.0,187.0,109.0,30.0,5.0,121.0
53.0,7.0,28.0,338.0,203.0,26.0,476.0,157.0,316.0,23.0,4.0,17.0,12.0,146.0,212.0,106.0,194.0,116.0,32.0,6.0,123.0
53.0,7.0,31.0,346.0,193.0,23.0,467.0,156.0,307.0,25.0,6.0,17.0,10.0,146.0,214.0,109.0,204.0,109.0,31.0,6.0,135.0
53.0,7.0,34.0,366.0,188.0,23.0,445.0,151.0,302.0,23.0,5.0,17.0,13.0,149.0,210.0,114.0,207.0,109.0,33.0,4.0,134.0
63.0,8.0,34.0,366.0,190.0,25.0,493.0,160.0,319.0,26.0,6.0,17.0,13.0,150.0,212.0,118.0,217.0,117.0,29.0,3.0,141.0
59.0,11.0,33.0,383.0,207.0,26.0,513.0,165.0,328.0,27.0,6.0,21.0,13.0,171.0,214.0,117.0,239.0,119.0,32.0,4.0,155.0
59.0,13.0,31.0,378.0,207.0,22.0,553.0,167.0,341.0,28.0,4.0,21.0,13.0,171.0,214.0,121.0,246.0,121.0,33.0,4.0,155.0
54.0,14.0,33.0,396.0,212.0,27.0,579.0,171.0,334.0,28.0,4.0,21.0,14.0,174.0,217.0,130.0,253.0,119.0,33.0,3.0,161.0
63.0,14.0,35.0,409.0,207.0,23.0,599.0,162.0,330.0,24.0,4.0,21.0,13.0,172.0,218.0,131.0,248.0,111.0,35.0,3.0,159.0
59.0,15.0,32.0,354.0,217.0,24.0,626.0,155.0,342.0,25.0,5.0,26.0,14.0,174.0,214.0,127.0,268.0,108.0,37.0,3.0,168.0
55.0,14.0,37.0,430.0,216.0,24.0,648.0,159.0,333.0,22.0,3.0,26.0,12.0,176.0,222.0,128.0,282.0,105.0,36.0,3.0,169.0
58.0,14.0,38.0,442.0,216.0,24.0,681.0,169.0,337.0,29.0,5.0,26.0,11.0,192.0,229.0,126.0,309.0,115.0,41.0,3.0,176.0
56.0,14.0,36.0,452.0,218.0,27.0,719.0,165.0,348.0,29.0,6.0,28.0,11.0,205.0,224.0,121.0,309.0,117.0,42.0,4.0,188.0
57.0,13.0,35.0,453.0,219.0,25.0,706.0,165.0,340.0,30.0,4.0,28.0,14.0,208.0,229.0,120.0,320.0,119.0,42.0,6.0,194.0
57.0,13.0,34.0,459.0,220.0,24.0,715.0,173.0,333.0,30.0,4.0,28.0,15.0,215.0,231.0,130.0,327.0,128.0,41.0,7.0,204.0
64.0,13.0,35.0,478.0,212.0,20.0,727.0,184.0,341.0,29.0,5.0,28.0,16.0,230.0,236.0,127.0,324.0,127.0,43.0,8.0,189.0
72.0,17.0,38.0,474.0,211.0,22.0,758.0,188.0,335.0,29.0,3.0,28.0,16.0,226.0,238.0,134.0,342.0,123.0,46.0,7.0,195.0
76.0,17.0,38.0,491.0,223.0,23.0,785.0,190.0,335.0,30.0,2.0,28.0,17.0,229.0,244.0,134.0,353.0,125.0,46.0,6.0,198.0
79.0,32.0,39.0,506.0,224.0,28.0,812.0,204.0,346.0,34.0,3.0,21.0,17.0,288.0,253.0,135.0,389.0,144.0,47.0,7.0,202.0
87.0,32.0,39.0,535.0,225.0,29.0,818.0,201.0,360.0,35.0,3.0,21.0,22.0,308.0,265.0,144.0,396.0,145.0,50.0,6.0,223.0
94.0,35.0,38.0,572.0,237.0,32.0,856.0,220.0,379.0,36.0,4.0,22.0,18.0,312.0,274.0,147.0,405.0,151.0,52.0,5.0,230.0
97.0,35.0,40.0,603.0,245.0,29.0,876.0,223.0,402.0,39.0,6.0,31.0,18.0,327.0,301.0,148.0,409.0,159.0,58.0,5.0,232.0
107.0,35.0,43.0,639.0,240.0,29.0,910.0,225.0,415.0,40.0,8.0,37.0,20.0,367.0,323.0,156.0,411.0,170.0,63.0,6.0,229.0
117.0,36.0,42.0,698.0,257.0,29.0,941.0,248.0,452.0,44.0,7.0,37.0,19.0,376.0,322.0,165.0,422.0,190.0,64.0,9.0,251.0
124.0,36.0,42.0,725.0,277.0,27.0,980.0,264.0,481.0,50.0,9.0,36.0,19.0,402.0,322.0,162.0,426.0,217.0,67.0,11.0,262.0
148.0,36.0,43.0,749.0,309.0,27.0,1005.0,285.0,513.0,55.0,9.0,44.0,19.0,479.0,326.0,180.0,446.0,245.0,70.0,12.0,273.0
161.0,34.0,43.0,756.0,354.0,37.0,979.0,299.0,608.0,66.0,10.0,57.0,20.0,513.0,333.0,190.0,470.0,262.0,79.0,14.0,305.0
169.0,35.0,45.0,796.0,418.0,39.0,1022.0,315.0,709.0,72.0,9.0,57.0,20.0,595.0,334.0,198.0,496.0,275.0,83.0,16.0,306.0
169.0,36.0,54.0,828.0,441.0,43.0,1059.0,342.0,798.0,70.0,7.0,63.0,20.0,635.0,345.0,208.0,520.0,322.0,86.0,17.0,319.0
178.0,36.0,55.0,853.0,465.0,57.0,1102.0,379.0,905.0,83.0,8.0,72.0,20.0,701.0,352.0,216.0,529.0,359.0,90.0,17.0,339.0
182.0,40.0,63.0,892.0,492.0,62.0,1141.0,402.0,1039.0,87.0,9.0,72.0,27.0,752.0,401.0,222.0,540.0,394.0,115.0,19.0,371.0
183.0,43.0,66.0,927.0,506.0,70.0,1184.0,441.0,1175.0,101.0,12.0,74.0,38.0,835.0,413.0,237.0,563.0,440.0,129.0,22.0,422.0
210.0,52.0,71.0,969.0,551.0,75.0,1241.0,470.0,1249.0,113.0,12.0,74.0,44.0,944.0,435.0,243.0,593.0,511.0,146.0,30.0,440.0
225.0,52.0,79.0,1037.0,609.0,79.0,1319.0,537.0,1391.0,118.0,12.0,103.0,46.0,1099.0,471.0,260.0,619.0,547.0,170.0,41.0,510.0
226.0,52.0,87.0,1081.0,682.0,92.0,1355.0,578.0,1655.0,134.0,10.0,103.0,50.0,1185.0,480.0,272.0,648.0,579.0,172.0,47.0,495.0
224.0,52.0,94.0,1131.0,722.0,97.0,1424.0,574.0,1841.0,152.0,14.0,114.0,58.0,1305.0,498.0,300.0,677.0,606.0,193.0,51.0,559.0
244.0,58.0,109.0,1188.0,743.0,107.0,1489.0,631.0,2197.0,174.0,14.0,114.0,68.0,1446.0,531.0,311.0,682.0,656.0,204.0,53.0,579.0
246.0,58.0,110.0,1226.0,812.0,116.0,1579.0,679.0,2366.0,201.0,18.0,145.0,63.0,1571.0,575.0,323.0,696.0,727.0,228.0,60.0,616.0
263.0,58.0,116.0,1264.0,845.0,135.0,1622.0,737.0,2557.0,201.0,22.0,158.0,76.0,1695.0,605.0,333.0,737.0,825.0,244.0,65.0,656.0
270.0,72.0,117.0,1314.0,909.0,146.0,1757.0,834.0,2701.0,253.0,22.0,164.0,86.0,1951.0,648.0,338.0,775.0,889.0,270.0,77.0,688.0
306.0,75.0,126.0,1350.0,1037.0,170.0,1798.0,882.0,2986.0,278.0,21.0,181.0,89.0,2137.0,697.0,342.0,830.0,923.0,285.0,106.0,747.0
332.0,80.0,131.0,1395.0,1118.0,181.0,1835.0,924.0,3364.0,282.0,23.0,196.0,100.0,2372.0,760.0,335.0,898.0,987.0,292.0,114.0,798.0
357.0,81.0,141.0,1461.0,1177.0,186.0,1954.0,957.0,3700.0,286.0,23.0,208.0,118.0,2527.0,747.0,361.0,954.0,1093.0,301.0,127.0,856.0
382.0,81.0,151.0,1546.0,1276.0,196.0,2048.0,1000.0,4068.0,301.0,24.0,251.0,127.0,2706.0,718.0,363.0,1012.0,1160.0,302.0,134.0,894.0
400.0,90.0,163.0,1571.0,1348.0,203.0,2126.0,1093.0,4425.0,322.0,23.0,255.0,130.0,2857.0,725.0,388.0,1084.0,1209.0,320.0,153.0,924.0
423.0,97.0,174.0,1586.0,1399.0,218.0,2240.0,1143.0,4664.0,369.0,23.0,290.0,161.0,3023.0,764.0,379.0,1131.0,1279.0,341.0,173.0,964.0
434.0,101.0,183.0,1657.0,1520.0,216.0,2217.0,1190.0,4841.0,384.0,27.0,316.0,189.0,3304.0,793.0,382.0,1167.0,1399.0,354.0,179.0,1009.0
467.0,98.0,210.0,1724.0,1617.0,244.0,2389.0,1211.0,5215.0,427.0,30.0,315.0,212.0,3592.0,844.0,382.0,1222.0,1451.0,353.0,183.0,1153.0
463.0,104.0,223.0,1744.0,1715.0,255.0,2534.0,1273.0,5525.0,452.0,35.0,342.0,222.0,3758.0,861.0,389.0,1253.0,1516.0,356.0,163.0,1225.0
494.0,106.0,228.0,1782.0,1765.0,312.0,2730.0,1312.0,5840.0,477.0,34.0,368.0,239.0,3947.0,867.0,386.0,1304.0,1589.0,369.0,172.0,1326.0
510.0,116.0,227.0,1857.0,1850.0,304.0,2745.0,1393.0,6133.0,504.0,34.0,391.0,243.0,4139.0,909.0,438.0,1316.0,1512.0,379.0,167.0,1353.0
527.0,113.0,243.0,1935.0,1911.0,331.0,2856.0,1380.0,6423.0,521.0,34.0,397.0,261.0,4406.0,1000.0,446.0,1330.0,1582.0,403.0,168.0,1476.0
527.0,118.0,249.0,2003.0,2030.0,346.0,2923.0,1415.0,6875.0,562.0,46.0,437.0,275.0,4671.0,1003.0,455.0,1427.0,1700.0,415.0,172.0,1540.0
561.0,129.0,272.0,2140.0,2143.0,365.0,2998.0,1479.0,7084.0,590.0,45.0,452.0,299.0,4852.0,1087.0,466.0,1490.0,1776.0,424.0,174.0,1659.0
576.0,156.0,302.0,2254.0,2235.0,383.0,3042.0,1407.0,7390.0,600.0,51.0,464.0,318.0,5040.0,1160.0,454.0,1543.0,1824.0,429.0,176.0,1800.0
597.0,152.0,304.0,2258.0,2294.0,392.0,3168.0,1413.0,7671.0,610.0,56.0,464.0,338.0,5130.0,1273.0,472.0,1578.0,1874.0,427.0,177.0,1877.0
599.0,153.0,319.0,2136.0,2322.0,393.0,3212.0,1472.0,7829.0,610.0,62.0,490.0,368.0,5181.0,1338.0,480.0,1596.0,1909.0,423.0,175.0,1976.0
624.0,164.0,365.0,2336.0,2389.0,413.0,3278.0,1482.0,8120.0,633.0,62.0,494.0,383.0,5243.0,1407.0,529.0,1660.0,1921.0,427.0,164.0,2050.0
604.0,165.0,371.0,2264.0,2474.0,423.0,3349.0,1510.0,8438.0,558.0,61.0,500.0,386.0,5262.0,1467.0,565.0,1677.0,1945.0,429.0,159.0,2097.0
624.0,181.0,383.0,2418.0,2531.0,444.0,3433.0,1508.0,8618.0,560.0,67.0,522.0,403.0,5293.0,1441.0,570.0,1693.0,2008.0,437.0,160.0,2175.0
630.0,167.0,403.0,2382.0,2640.0,454.0,3377.0,1492.0,8756.0,577.0,63.0,530.0,418.0,5452.0,1477.0,573.0,1725.0,2061.0,447.0,167.0,2237.0
656.0,180.0,406.0,2437.0,2698.0,498.0,3374.0,1510.0,9045.0,603.0,69.0,526.0,423.0,5534.0,1497.0,576.0,1732.0,2069.0,438.0,169.0,2246.0
686.0,172.0,434.0,2459.0,2693.0,519.0,3374.0,1489.0,9226.0,606.0,65.0,520.0,436.0,5596.0,1518.0,568.0,1768.0,2087.0,442.0,163.0,2353.0
732.0,175.0,442.0,2481.0,2733.0,533.0,3432.0,1438.0,9206.0,604.0,74.0,508.0,446.0,5537.0,1524.0,584.0,1772.0,2101.0,444.0,156.0,2400.0
736.0,181.0,461.0,2445.0,2778.0,559.0,3539.0,1410.0,9234.0,623.0,60.0,506.0,455.0,5618.0,1610.0,595.0,1779.0,2087.0,434.0,158.0,2437.0
749.0,181.0,471.0,2458.0,2835.0,564.0,3594.0,1360.0,9250.0,630.0,60.0,489.0,453.0,5540.0,1629.0,574.0,1810.0,2094.0,445.0,160.0,2475.0
736.0,179.0,480.0,2419.0,2915.0,601.0,3637.0,1375.0,9340.0,630.0,62.0,491.0,461.0,5530.0,1637.0,573.0,1838.0,2083.0,443.0,158.0,2492.0
743.0,180.0,482.0,2532.0,2986.0,620.0,3686.0,1370.0,9276.0,640.0,67.0,511.0,476.0,5511.0,1690.0,584.0,1847.0,2128.0,449.0,159.0,2570.0
743.0,179.0,471.0,2475.0,2966.0,615.0,3706.0,1300.0,9292.0,644.0,71.0,499.0,478.0,5520.0,1690.0,600.0,1844.0,2067.0,440.0,157.0,2636.0
748.0,176.0,468.0,2474.0,3012.0,642.0,3697.0,1238.0,9056.0,672.0,76.0,483.0,462.0,5498.0,1693.0,591.0,1824.0,2040.0,431.0,153.0,2727.0
768.0,178.0,473.0,2412.0,2937.0,654.0,3760.0,1189.0,8930.0,676.0,78.0,474.0,460.0,5395.0,1788.0,608.0,1798.0,1993.0,417.0,145.0,2751.0
763.0,176.0,476.0,2372.0,2923.0,649.0,3762.0,1128.0,8794.0,655.0,73.0,456.0,452.0,5317.0,1855.0,599.0,1789.0,1925.0,415.0,144.0,2743.0
757.0,164.0,452.0,2350.0,2918.0,657.0,3708.0,1085.0,8535.0,656.0,71.0,445.0,446.0,5165.0,1875.0,617.0,1766.0,1872.0,415.0,144.0,2963.0
734.0,166.0,448.0,2348.0,2913.0,677.0,3713.0,1081.0,8307.0,683.0,74.0,456.0,448.0,5119.0,1887.0,623.0,1763.0,1868.0,420.0,151.0,2753.0
790.0,172.0,442.0,2323.0,3004.0,688.0,3734.0,1110.0,8339.0,672.0,76.0,465.0,459.0,5125.0,1901.0,650.0,1773.0,1862.0,431.0,135.0,2780.0
773.0,178.0,457.0,2278.0,2976.0,699.0,3593.0,1108.0,8218.0,672.0,77.0,448.0,450.0,5029.0,1911.0,651.0,1737.0,1830.0,425.0,136.0,2828.0
777.0,179.0,447.0,2237.0,2939.0,710.0,3632.0,1065.0,8077.0,650.0,74.0,449.0,459.0,4978.0,1889.0,643.0,1714.0,1785.0,404.0,135.0,2827.0
774.0,181.0,431.0,2203.0,2913.0,688.0,3597.0,1034.0,7861.0,614.0,75.0,463.0,449.0,4825.0,1847.0,659.0,1686.0,1739.0,398.0,124.0,2808.0
773.0,185.0,424.0,2165.0,2965.0,691.0,3538.0,1011.0,7614.0,605.0,74.0,450.0,462.0,4708.0,1823.0,661.0,1647.0,1681.0,384.0,120.0,2786.0
748.0,153.0,408.0,1723.0,2950.0,698.0,3424.0,990.0,7359.0,590.0,70.0,441.0,452.0,4642.0,1796.0,674.0,1615.0,1634.0,391.0,116.0,2801.0
738.0,137.0,422.0,2071.0,2977.0,711.0,3476.0,960.0,7179.0,600.0,66.0,442.0,462.0,4598.0,1816.0,680.0,1580.0,1612.0,392.0,110.0,2816.0
751.0,140.0,409.0,1977.0,3044.0,723.0,3549.0,959.0,7143.0,600.0,61.0,438.0,471.0,4588.0,1805.0,683.0,1592.0,1618.0,394.0,115.0,2846.0
727.0,136.0,401.0,2038.0,3015.0,722.0,3432.0,932.0,6954.0,601.0,58.0,513.0,474.0,4454.0,1802.0,678.0,1573.0,1588.0,375.0,105.0,2848.0
730.0,136.0,399.0,1990.0,3090.0,726.0,3451.0,929.0,6493.0,603.0,57.0,427.0,478.0,4420.0,1838.0,682.0,1572.0,1600.0,379.0,103.0,2870.0
722.0,137.0,394.0,1929.0,3074.0,714.0,3375.0,907.0,6361.0,587.0,60.0,270.0,479.0,4379.0,1800.0,673.0,1539.0,1570.0,365.0,108.0,2936.0
713.0,131.0,386.0,1972.0,3043.0,707.0,3365.0,887.0,6150.0,576.0,58.0,269.0,458.0,4305.0,1782.0,659.0,1477.0,1509.0,368.0,97.0,2915.0
695.0,128.0,374.0,1931.0,3035.0,713.0,3306.0,859.0,6006.0,573.0,64.0,269.0,447.0,4161.0,1781.0,647.0,1439.0,1449.0,350.0,84.0,2954.0
685.0,130.0,362.0,1938.0,3039.0,715.0,3278.0,843.0,5873.0,557.0,63.0,247.0,461.0,4126.0,1738.0,648.0,1424.0,1399.0,339.0,82.0,2946.0
694.0,126.0,367.0,1926.0,3053.0,718.0,3285.0,853.0,5738.0,552.0,69.0,247.0,476.0,4134.0,1735.0,637.0,1426.0,1403.0,347.0,83.0,2991.0
660.0,117.0,356.0,1843.0,3011.0,710.0,3242.0,839.0,5652.0,545.0,67.0,232.0,465.0,4027.0,1717.0,628.0,1410.0,1370.0,334.0,80.0,3040.0
655.0,120.0,340.0,1825.0,2985.0,688.0,3174.0,826.0,5575.0,523.0,68.0,225.0,464.0,3955.0,1683.0,607.0,1371.0,1303.0,317.0,74.0,3045.0
633.0,116.0,317.0,1775.0,3007.0,687.0,3171.0,815.0,5404.0,503.0,68.0,212.0,456.0,3837.0,1653.0,614.0,1310.0,1261.0,312.0,78.0,3053.0
601.0,109.0,315.0,1741.0,2971.0,660.0,3090.0,786.0,5258.0,491.0,66.0,198.0,428.0,3759.0,1631.0,600.0,1273.0,1200.0,308.0,77.0,3026.0
608.0,106.0,311.0,1720.0,3025.0,649.0,3079.0,773.0,5087.0,481.0,69.0,198.0,428.0,3671.0,1609.0,585.0,1245.0,1187.0,302.0,80.0,2935.0
599.0,102.0,309.0,1673.0,3053.0,657.0,3090.0,765.0,4924.0,480.0,69.0,190.0,430.0,3610.0,1605.0,598.0,1254.0,1150.0,295.0,82.0,2966.0
598.0,99.0,322.0,1691.0,3117.0,663.0,3027.0,758.0,4793.0,486.0,68.0,201.0,431.0,3639.0,1595.0,590.0,1267.0,1150.0,299.0,88.0,2994.0
575.0,101.0,315.0,1647.0,3101.0,655.0,3012.0,765.0,4830.0,482.0,64.0,199.0,413.0,3559.0,1588.0,574.0,1235.0,1116.0,288.0,95.0,3021.0
545.0,100.0,316.0,1620.0,3010.0,651.0,3026.0,753.0,4779.0,472.0,60.0,189.0,393.0,3454.0,1589.0,563.0,1204.0,1069.0,279.0,88.0,3010.0
526.0,104.0,305.0,1590.0,2919.0,638.0,2983.0,751.0,4699.0,473.0,60.0,174.0,375.0,3357.0,1592.0,539.0,1181.0,1049.0,276.0,87.0,2981.0
469.0,94.0,291.0,1551.0,2917.0,626.0,2956.0,727.0,4498.0,458.0,59.0,166.0,355.0,3243.0,1579.0,527.0,1169.0,1009.0,276.0,88.0,2928.0
465.0,96.0,281.0,1529.0,2844.0,643.0,3039.0,738.0,4352.0,476.0,63.0,172.0,379.0,3219.0,1593.0,521.0,1184.0,991.0,282.0,81.0,2944.0
479.0,103.0,273.0,1535.0,2819.0,684.0,3103.0,761.0,4309.0,493.0,63.0,174.0,401.0,3250.0,1598.0,526.0,1201.0,1012.0,296.0,85.0,2986.0
496.0,98.0,274.0,1520.0,2862.0,701.0,3127.0,779.0,4303.0,514.0,65.0,173.0,419.0,3247.0,1633.0,541.0,1239.0,1054.0,302.0,99.0,3051.0
489.0,90.0,273.0,1499.0,2819.0,715.0,3159.0,774.0,4132.0,526.0,64.0,158.0,426.0,3225.0,1602.0,543.0,1262.0,1036.0,301.0,74.0,3044.0
468.0,93.0,274.0,1459.0,2871.0,700.0,3111.0,775.0,4098.0,530.0,63.0,190.0,425.0,3149.0,1625.0,540.0,1251.0,1029.0,300.0,74.0,3069.0
465.0,93.0,261.0,1438.0,2862.0,707.0,3092.0,759.0,3926.0,532.0,61.0,185.0,422.0,3085.0,1619.0,532.0,1240.0,988.0,303.0,77.0,3059.0
473.0,88.0,251.0,1463.0,2874.0,710.0,3057.0,727.0,3839.0,540.0,57.0,186.0,401.0,2968.0,1613.0,521.0,1249.0,953.0,300.0,76.0,3029.0
480.0,96.0,253.0,1454.0,2878.0,715.0,3107.0,740.0,3784.0,544.0,60.0,200.0,410.0,2959.0,1642.0,520.0,1276.0,964.0,317.0,78.0,3040.0
486.0,100.0,261.0,1460.0,2891.0,719.0,3133.0,767.0,3756.0,546.0,62.0,210.0,426.0,2974.0,1612.0,516.0,1321.0,981.0,316.0,68.0,3053.0
505.0,98.0,267.0,1473.0,2919.0,726.0,3170.0,791.0,3711.0,552.0,64.0,222.0,422.0,3002.0,1601.0,532.0,1367.0,1018.0,318.0,64.0,3074.0
510.0,97.0,261.0,1469.0,2928.0,716.0,3177.0,781.0,3819.0,560.0,65.0,230.0,416.0,3034.0,1553.0,533.0,1388.0,999.0,318.0,55.0,3055.0
502.0,96.0,264.0,1461.0,2901.0,711.0,3149.0,768.0,3895.0,579.0,66.0,230.0,404.0,2965.0,1536.0,541.0,1384.0,961.0,322.0,55.0,2955.0
514.0,98.0,270.0,1481.0,2941.0,725.0,3192.0,773.0,3836.0,590.0,63.0,230.0,408.0,2944.0,1544.0,540.0,1424.0,973.0,321.0,58.0,2953.0
516.0,99.0,271.0,1495.0,2936.0,735.0,3180.0,784.0,3902.0,600.0,61.0,232.0,401.0,2933.0,1525.0,554.0,1446.0,946.0,323.0,55.0,2906.0
503.0,90.0,284.0,1483.0,2919.0,752.0,3134.0,767.0,4033.0,600.0,62.0,232.0,381.0,2861.0,1551.0,543.0,1461.0,931.0,326.0,51.0,2889.0
506.0,85.0,281.0,1483.0,2942.0,767.0,3173.0,773.0,4057.0,614.0,63.0,245.0,389.0,2879.0,1540.0,554.0,1473.0,909.0,315.0,54.0,2940.0
509.0,98.0,297.0,1509.0,2979.0,755.0,3208.0,801.0,3984.0,629.0,65.0,257.0,395.0,2882.0,1557.0,565.0,1506.0,933.0,323.0,53.0,2940.0
516.0,98.0,297.0,1523.0,2967.0,739.0,3197.0,796.0,4107.0,667.0,65.0,247.0,386.0,2824.0,1562.0,567.0,1551.0,910.0,324.0,50.0,2955.0
508.0,94.0,309.0,1511.0,2908.0,734.0,3205.0,751.0,4113.0,667.0,64.0,235.0,364.0,2777.0,1571.0,579.0,1579.0,878.0,325.0,45.0,2887.0
493.0,84.0,313.0,1469.0,2843.0,736.0,3109.0,743.0,4082.0,659.0,65.0,235.0,358.0,2747.0,1549.0,577.0,1602.0,855.0,328.0,45.0,2775.0
484.0,84.0,312.0,1494.0,2742.0,756.0,3079.0,727.0,4067.0,669.0,63.0,232.0,346.0,2685.0,1522.0,560.0,1613.0,844.0,328.0,43.0,2713.0
484.0,90.0,318.0,1529.0,2739.0,748.0,3078.0,716.0,4118.0,676.0,64.0,228.0,333.0,2626.0,1529.0,549.0,1618.0,831.0,327.0,48.0,2655.0
481.0,89.0,315.0,1554.0,2763.0,740.0,3062.0,719.0,4062.0,673.0,68.0,228.0,332.0,2624.0,1545.0,555.0,1630.0,816.0,329.0,44.0,2631.0
497.0,88.0,336.0,1542.0,2802.0,743.0,3200.0,718.0,4002.0,676.0,70.0,244.0,333.0,2636.0,1541.0,557.0,1649.0,845.0,333.0,47.0,2569.0
487.0,82.0,329.0,1565.0,2752.0,754.0,3073.0,703.0,4044.0,672.0,71.0,242.0,317.0,2668.0,1496.0,559.0,1667.0,836.0,339.0,48.0,2482.0
488.0,81.0,330.0,1548.0,2720.0,751.0,3023.0,702.0,4078.0,657.0,66.0,248.0,297.0,2631.0,1498.0,541.0,1674.0,809.0,329.0,48.0,2411.0
485.0,86.0,323.0,1540.0,2674.0,739.0,2933.0,697.0,4055.0,638.0,64.0,254.0,279.0,2578.0,1497.0,517.0,1657.0,775.0,332.0,44.0,2296.0
481.0,88.0,302.0,1542.0,2622.0,730.0,2962.0,676.0,3987.0,634.0,61.0,251.0,260.0,2494.0,1480.0,501.0,1663.0,752.0,327.0,42.0,2226.0
468.0,93.0,299.0,1551.0,2607.0,735.0,2859.0,656.0,3897.0,626.0,58.0,243.0,246.0,2493.0,1540.0,503.0,1667.0,736.0,338.0,45.0,2129.0
474.0,85.0,300.0,1560.0,2602.0,746.0,2830.0,667.0,3833.0,620.0,59.0,251.0,250.0,2501.0,1555.0,509.0,1658.0,742.0,338.0,47.0,2082.0
470.0,92.0,300.0,1560.0,2644.0,748.0,2847.0,689.0,3819.0,622.0,59.0,267.0,256.0,2527.0,1549.0,520.0,1666.0,770.0,347.0,48.0,2045.0
457.0,85.0,302.0,1571.0,2513.0,732.0,2827.0,682.0,3922.0,618.0,58.0,255.0,252.0,2470.0,1583.0,512.0,1664.0,785.0,384.0,48.0,2007.0
442.0,83.0,296.0,1554.0,2491.0,707.0,2791.0,659.0,3950.0,626.0,59.0,249.0,236.0,2443.0,1592.0,514.0,1653.0,779.0,384.0,47.0,1958.0
439.0,76.0,294.0,1572.0,2451.0,678.0,2747.0,655.0,3908.0,621.0,57.0,246.0,225.0,2345.0,1567.0,508.0,1620.0,772.0,392.0,45.0,1848.0
429.0,75.0,294.0,1520.0,2381.0,664.0,2727.0,655.0,3869.0,613.0,61.0,249.0,221.0,2313.0,1569.0,493.0,1584.0,759.0,402.0,40.0,1749.0
432.0,72.0,290.0,1527.0,2327.0,653.0,2689.0,650.0,3831.0,613.0,62.0,248.0,208.0,2277.0,1552.0,489.0,1553.0,743.0,401.0,39.0,1660.0
429.0,68.0,296.0,1516.0,2318.0,650.0,2672.0,677.0,3865.0,601.0,67.0,255.0,213.0,2268.0,1561.0,485.0,1529.0,744.0,415.0,35.0,1647.0
448.0,73.0,297.0,1534.0,2388.0,654.0,2661.0,696.0,3860.0,607.0,70.0,267.0,215.0,2304.0,1582.0,478.0,1540.0,757.0,421.0,36.0,1624.0
458.0,74.0,288.0,1583.0,2374.0,640.0,2625.0,694.0,3905.0,612.0,66.0,267.0,208.0,2290.0,1602.0,464.0,1529.0,778.0,430.0,28.0,1616.0
474.0,71.0,276.0,1575.0,2316.0,624.0,2629.0,705.0,3913.0,603.0,71.0,273.0,191.0,2239.0,1584.0,445.0,1510.0,772.0,431.0,32.0,1482.0
499.0,72.0,281.0,1568.0,2234.0,614.0,2581.0,691.0,3901.0,605.0,73.0,284.0,176.0,2208.0,1578.0,426.0,1473.0,754.0,438.0,30.0,1408.0
501.0,86.0,287.0,1593.0,2172.0,601.0,2536.0,693.0,3908.0,606.0,75.0,290.0,174.0,2168.0,1584.0,432.0,1426.0,748.0,443.0,28.0,1366.0
510.0,85.0,276.0,1607.0,2139.0,596.0,2543.0,670.0,3894.0,606.0,78.0,276.0,159.0,2147.0,1584.0,425.0,1405.0,752.0,458.0,27.0,1281.0
521.0,85.0,259.0,1605.0,2131.0,584.0,2496.0,669.0,3825.0,602.0,80.0,277.0,162.0,2157.0,1596.0,416.0,1376.0,758.0,484.0,27.0,1263.0
536.0,83.0,259.0,1652.0,2185.0,590.0,2520.0,672.0,3853.0,609.0,82.0,280.0,169.0,2184.0,1614.0,415.0,1373.0,803.0,500.0,28.0,1263.0
542.0,85.0,267.0,1652.0,2153.0,567.0,2525.0,679.0,3916.0,616.0,79.0,280.0,173.0,2188.0,1580.0,408.0,1337.0,814.0,513.0,22.0,1259.0
548.0,87.0,262.0,1589.0,2120.0,546.0,2493.0,669.0,3935.0,606.0,75.0,284.0,171.0,2156.0,1655.0,397.0,1278.0,815.0,506.0,18.0,1198.0
555.0,82.0,248.0,1540.0,2081.0,523.0,2417.0,666.0,3918.0,604.0,73.0,287.0,181.0,2106.0,1650.0,391.0,1236.0,808.0,520.0,18.0,1164.0
560.0,73.0,247.0,1505.0,2061.0,504.0,2396.0,654.0,3942.0,607.0,72.0,284.0,180.0,2068.0,1596.0,383.0,1224.0,811.0,523.0,16.0,1125.0
599.0,69.0,239.0,1460.0,2060.0,485.0,2377.0,617.0,3939.0,617.0,74.0,281.0,182.0,2030.0,1548.0,361.0,1211.0,814.0,531.0,15.0,1053.0
599.0,72.0,228.0,1433.0,2082.0,475.0,2351.0,653.0,3926.0,624.0,78.0,295.0,190.0,2053.0,1520.0,347.0,1195.0,823.0,535.0,15.0,1040.0
594.0,76.0,217.0,1388.0,2144.0,475.0,2344.0,655.0,3938.0,620.0,85.0,297.0,201.0,2077.0,1504.0,345.0,1200.0,845.0,548.0,12.0,1039.0
599.0,79.0,217.0,1390.0,2150.0,456.0,2318.0,646.0,4066.0,615.0,91.0,293.0,195.0,2041.0,1480.0,335.0,1163.0,851.0,547.0,10.0,995.0
614.0,79.0,197.0,1408.0,2078.0,443.0,2283.0,629.0,4103.0,612.0,89.0,293.0,188.0,2013.0,1470.0,331.0,1115.0,836.0,554.0,10.0,972.0
622.0,79.0,193.0,1400.0,2071.0,419.0,2177.0,600.0,4084.0,599.0,89.0,290.0,199.0,1994.0,1442.0,320.0,1075.0,861.0,554.0,12.0,928.0
619.0,81.0,188.0,1423.0,2085.0,405.0,2156.0,581.0,4106.0,606.0,91.0,290.0,197.0,1979.0,1424.0,309.0,1034.0,872.0,545.0,11.0,888.0
642.0,83.0,178.0,1401.0,2075.0,408.0,2111.0,562.0,4104.0,612.0,104.0,285.0,189.0,1987.0,1415.0,306.0,1007.0,893.0,545.0,9.0,872.0
662.0,82.0,183.0,1420.0,2123.0,407.0,2093.0,570.0,4127.0,606.0,105.0,282.0,196.0,2006.0,1431.0,301.0,989.0,891.0,551.0,7.0,866.0
669.0,84.0,195.0,1444.0,2211.0,406.0,2094.0,571.0,4217.0,621.0,110.0,292.0,205.0,2046.0,1442.0,291.0,985.0,952.0,556.0,7.0,875.0
673.0,84.0,200.0,1459.0,2239.0,410.0,2079.0,551.0,4325.0,633.0,121.0,292.0,206.0,2064.0,1429.0,271.0,953.0,983.0,552.0,6.0,911.0
693.0,87.0,199.0,1449.0,2226.0,403.0,2054.0,554.0,4352.0,639.0,110.0,262.0,205.0,2063.0,1417.0,259.0,946.0,1005.0,540.0,10.0,901.0
687.0,90.0,203.0,1436.0,2261.0,391.0,2034.0,545.0,4431.0,643.0,124.0,259.0,204.0,2071.0,1418.0,251.0,930.0,1012.0,525.0,11.0,899.0
688.0,94.0,208.0,1438.0,2303.0,404.0,2047.0,543.0,4450.0,642.0,111.0,257.0,211.0,2101.0,1410.0,246.0,908.0,1007.0,519.0,9.0,890.0
688.0,89.0,207.0,1439.0,2392.0,417.0,2030.0,541.0,4497.0,648.0,112.0,245.0,211.0,2122.0,1400.0,236.0,868.0,1053.0,499.0,11.0,883.0
704.0,95.0,210.0,1471.0,2482.0,422.0,1980.0,552.0,4544.0,654.0,112.0,251.0,224.0,2183.0,1398.0,234.0,858.0,1077.0,513.0,12.0,893.0
714.0,96.0,215.0,1477.0,2611.0,435.0,2063.0,571.0,4665.0,649.0,117.0,249.0,232.0,2218.0,1422.0,229.0,858.0,1122.0,524.0,16.0,918.0
719.0,101.0,215.0,1493.0,2715.0,441.0,2057.0,570.0,4884.0,648.0,113.0,239.0,233.0,2319.0,1432.0,226.0,849.0,1163.0,524.0,15.0,941.0
720.0,111.0,221.0,1493.0,2779.0,448.0,2065.0,579.0,5051.0,645.0,113.0,238.0,229.0,2321.0,1448.0,212.0,813.0,1192.0,514.0,14.0,968.0
736.0,107.0,223.0,1497.0,2859.0,455.0,2101.0,590.0,5267.0,667.0,121.0,233.0,226.0,2359.0,1449.0,216.0,794.0,1202.0,518.0,15.0,997.0
744.0,107.0,234.0,1498.0,2929.0,460.0,2120.0,573.0,5347.0,685.0,115.0,230.0,227.0,2408.0,1443.0,217.0,790.0,1236.0,517.0,12.0,1007.0
717.0,107.0,242.0,1533.0,3028.0,472.0,2138.0,565.0,5499.0,694.0,108.0,220.0,233.0,2455.0,1439.0,215.0,783.0,1270.0,508.0,12.0,1034.0
727.0,113.0,247.0,1541.0,3096.0,504.0,2191.0,568.0,5631.0,714.0,113.0,229.0,236.0,2518.0,1458.0,212.0,780.0,1308.0,503.0,11.0,1049.0
749.0,124.0,253.0,1573.0,3246.0,515.0,2275.0,577.0,5797.0,729.0,115.0,234.0,247.0,2588.0,1516.0,214.0,789.0,1376.0,516.0,11.0,1087.0
759.0,128.0,266.0,1588.0,3351.0,538.0,2310.0,583.0,6027.0,734.0,125.0,215.0,248.0,2660.0,1532.0,209.0,777.0,1424.0,510.0,11.0,1154.0
756.0,121.0,269.0,1614.0,3427.0,553.0,2343.0,593.0,6201.0,760.0,123.0,218.0,250.0,2776.0,1562.0,196.0,775.0,1456.0,493.0,14.0,1209.0
752.0,131.0,273.0,1648.0,3506.0,558.0,2346.0,578.0,6363.0,769.0,125.0,207.0,247.0,2848.0,1571.0,197.0,771.0,1488.0,487.0,14.0,1227.0
744.0,137.0,279.0,1651.0,3547.0,563.0,2398.0,576.0,6576.0,784.0,120.0,204.0,240.0,2931.0,1583.0,199.0,772.0,1510.0,482.0,14.0,1260.0
743.0,136.0,276.0,1697.0,3608.0,569.0,2450.0,576.0,6762.0,813.0,119.0,191.0,237.0,3041.0,1617.0,199.0,783.0,1549.0,471.0,17.0,1281.0
766.0,160.0,276.0,1690.0,3685.0,595.0,2493.0,598.0,6791.0,834.0,114.0,193.0,247.0,3153.0,1632.0,198.0,791.0,1599.0,481.0,16.0,1288.0
772.0,174.0,286.0,1704.0,3837.0,602.0,2590.0,632.0,6926.0,854.0,121.0,192.0,261.0,3346.0,1701.0,203.0,825.0,1643.0,481.0,18.0,1327.0
762.0,179.0,306.0,1725.0,3894.0,607.0,2693.0,635.0,7239.0,868.0,109.0,187.0,259.0,3468.0,1750.0,201.0,838.0,1669.0,480.0,17.0,1468.0
756.0,173.0,311.0,1702.0,3923.0,614.0,2704.0,637.0,7422.0,880.0,113.0,174.0,253.0,3596.0,1810.0,192.0,850.0,1694.0,485.0,17.0,1528.0
756.0,176.0,327.0,1715.0,3936.0,622.0,2721.0,631.0,7530.0,891.0,107.0,166.0,259.0,3594.0,1801.0,198.0,848.0,1700.0,480.0,24.0,1545.0
760.0,180.0,336.0,1724.0,3935.0,624.0,2747.0,641.0,7584.0,890.0,107.0,154.0,258.0,3658.0,1844.0,201.0,847.0,1694.0,460.0,26.0,1552.0
751.0,180.0,342.0,1736.0,3920.0,644.0,2793.0,650.0,7682.0,895.0,113.0,153.0,255.0,3693.0,1877.0,197.0,853.0,1664.0,446.0,27.0,1577.0
756.0,175.0,343.0,1786.0,3962.0,677.0,2904.0,645.0,7732.0,907.0,116.0,153.0,266.0,3801.0,1895.0,199.0,876.0,1653.0,438.0,24.0,1624.0
759.0,172.0,348.0,1791.0,4092.0,693.0,3019.0,660.0,7774.0,920.0,113.0,158.0,264.0,3885.0,1935.0,207.0,906.0,1706.0,461.0,25.0,1671.0
744.0,172.0,356.0,1776.0,4054.0,703.0,3029.0,669.0,8001.0,945.0,108.0,150.0,257.0,3919.0,2011.0,196.0,935.0,1729.0,450.0,29.0,1741.0
717.0,162.0,359.0,1766.0,4011.0,714.0,3074.0,660.0,8023.0,959.0,106.0,146.0,255.0,3962.0,1988.0,199.0,931.0,1741.0,448.0,30.0,1775.0
700.0,171.0,365.0,1760.0,3959.0,723.0,3118.0,654.0,7977.0,961.0,103.0,137.0,248.0,4034.0,1993.0,200.0,931.0,1727.0,438.0,33.0,1812.0
700.0,172.0,375.0,1767.0,3914.0,728.0,3152.0,672.0,7959.0,959.0,94.0,137.0,238.0,4117.0,1997.0,200.0,920.0,1730.0,433.0,31.0,1805.0
706.0,171.0,398.0,1762.0,3867.0,727.0,3236.0,685.0,7976.0,960.0,91.0,121.0,247.0,4127.0,2005.0,209.0,940.0,1760.0,429.0,40.0,1799.0
690.0,171.0,413.0,1757.0,3843.0,746.0,3251.0,703.0,7937.0,953.0,89.0,119.0,251.0,4145.0,2038.0,219.0,973.0,1769.0,425.0,45.0,1843.0
698.0,180.0,425.0,1770.0,3938.0,766.0,3393.0,713.0,7864.0,958.0,87.0,121.0,263.0,4201.0,2100.0,231.0,1009.0,1794.0,432.0,47.0,1894.0
691.0,168.0,420.0,1750.0,3878.0,751.0,3408.0,709.0,7971.0,957.0,82.0,119.0,252.0,4224.0,2127.0,243.0,1009.0,1807.0,414.0,53.0,1914.0
675.0,184.0,425.0,1747.0,3817.0,746.0,3415.0,710.0,7896.0,949.0,79.0,110.0,252.0,4249.0,2100.0,256.0,1031.0,1825.0,409.0,57.0,1958.0
675.0,193.0,442.0,1746.0,3718.0,733.0,3406.0,719.0,7683.0,939.0,79.0,104.0,249.0,4263.0,2115.0,270.0,1039.0,1849.0,392.0,58.0,1958.0
646.0,190.0,442.0,1713.0,3670.0,715.0,3444.0,722.0,7560.0,935.0,73.0,90.0,240.0,4242.0,2142.0,279.0,1048.0,1861.0,380.0,66.0,1950.0
644.0,187.0,458.0,1719.0,3547.0,674.0,3469.0,730.0,7522.0,925.0,69.0,85.0,230.0,4188.0,2153.0,293.0,1054.0,1881.0,370.0,67.0,1938.0
654.0,185.0,466.0,1662.0,3477.0,664.0,3462.0,756.0,7486.0,886.0,64.0,92.0,234.0,4207.0,2148.0,298.0,1127.0,1888.0,352.0,65.0,1962.0
666.0,183.0,468.0,1758.0,3515.0,678.0,3491.0,761.0,7484.0,906.0,66.0,100.0,236.0,4216.0,2158.0,323.0,1183.0,1948.0,350.0,66.0,1966.0
673.0,187.0,476.0,1763.0,3573.0,685.0,3636.0,771.0,7488.0,924.0,69.0,102.0,228.0,4252.0,2240.0,344.0,1242.0,1991.0,360.0,70.0,2006.0
664.0,188.0,491.0,1755.0,3516.0,663.0,3647.0,753.0,7429.0,897.0,70.0,95.0,214.0,4246.0,2297.0,341.0,1282.0,1999.0,357.0,72.0,2023.0
656.0,179.0,486.0,1753.0,3403.0,631.0,3610.0,755.0,7331.0,893.0,68.0,91.0,203.0,4146.0,2276.0,351.0,1283.0,1992.0,338.0,71.0,1998.0
639.0,179.0,504.0,1706.0,3260.0,606.0,3541.0,719.0,7080.0,880.0,67.0,89.0,189.0,4035.0,2240.0,371.0,1317.0,1988.0,329.0,78.0,1932.0
624.0,182.0,510.0,1696.0,3139.0,591.0,3504.0,731.0,6883.0,857.0,67.0,92.0,181.0,3957.0,2230.0,378.0,1316.0,1974.0,328.0,77.0,1925.0
622.0,191.0,511.0,1714.0,3041.0,594.0,3460.0,737.0,6710.0,857.0,64.0,91.0,187.0,3926.0,2249.0,391.0,1319.0,1952.0,313.0,76.0,1831.0
633.0,190.0,511.0,1730.0,3088.0,604.0,3446.0,746.0,6574.0,862.0,63.0,93.0,193.0,3950.0,2248.0,396.0,1365.0,1984.0,317.0,75.0,1854.0
612.0,181.0,514.0,1725.0,2985.0,568.0,3456.0,745.0,6514.0,840.0,61.0,87.0,184.0,3842.0,2228.0,396.0,1390.0,1947.0,320.0,80.0,1803.0
615.0,181.0,520.0,1712.0,2907.0,543.0,3375.0,717.0,6370.0,787.0,61.0,86.0,172.0,3741.0,2205.0,407.0,1415.0,1946.0,300.0,78.0,1721.0
593.0,180.0,522.0,1693.0,2776.0,510.0,3320.0,700.0,6126.0,750.0,64.0,86.0,161.0,3623.0,2169.0,404.0,1402.0,1919.0,293.0,73.0,1640.0
582.0,186.0,519.0,1638.0,2678.0,475.0,3241.0,678.0,5859.0,718.0,66.0,76.0,152.0,3485.0,2178.0,416.0,1399.0,1835.0,292.0,76.0,1560.0
569.0,180.0,503.0,1677.0,2591.0,453.0,3156.0,657.0,5624.0,678.0,67.0,72.0,147.0,3415.0,2191.0,419.0,1405.0,1815.0,270.0,73.0,1478.0
562.0,183.0,505.0,1675.0,2523.0,434.0,3077.0,662.0,5438.0,658.0,55.0,72.0,157.0,3388.0,2174.0,424.0,1399.0,1801.0,255.0,70.0,1447.0
566.0,181.0,522.0,1686.0,2552.0,423.0,3123.0,673.0,5331.0,656.0,55.0,76.0,161.0,3328.0,2157.0,428.0,1438.0,1850.0,263.0,73.0,1444.0
545.0,182.0,525.0,1677.0,2462.0,395.0,3135.0,666.0,5314.0,631.0,54.0,68.0,149.0,3034.0,2153.0,435.0,1435.0,1822.0,247.0,65.0,1412.0
524.0,178.0,523.0,1678.0,2403.0,387.0,2991.0,654.0,5189.0,609.0,52.0,71.0,146.0,2943.0,2132.0,430.0,1456.0,1808.0,242.0,67.0,1377.0
512.0,166.0,511.0,1684.0,2311.0,362.0,2916.0,633.0,5005.0,596.0,54.0,72.0,125.0,2848.0,2079.0,428.0,1422.0,1781.0,228.0,63.0,1319.0
504.0,172.0,504.0,1659.0,2224.0,359.0,2836.0,613.0,4829.0,575.0,52.0,69.0,117.0,2722.0,2031.0,420.0,1409.0,1757.0,223.0,58.0,1286.0
491.0,175.0,513.0,1639.0,2138.0,328.0,2761.0,601.0,4661.0,550.0,54.0,67.0,103.0,2710.0,1988.0,429.0,1413.0,1729.0,222.0,52.0,1241.0
476.0,176.0,517.0,1648.0,2107.0,319.0,2745.0,596.0,4496.0,545.0,54.0,65.0,112.0,2663.0,1973.0,414.0,1415.0,1705.0,208.0,55.0,1235.0
463.0,176.0,528.0,1668.0,2129.0,323.0,2742.0,595.0,4425.0,546.0,56.0,71.0,115.0,2651.0,1955.0,409.0,1428.0,1728.0,200.0,54.0,1222.0
445.0,176.0,519.0,1642.0,2079.0,299.0,2686.0,570.0,4401.0,523.0,54.0,71.0,106.0,2548.0,1953.0,417.0,1422.0,1706.0,197.0,56.0,1190.0
431.0,171.0,520.0,1643.0,2040.0,296.0,2602.0,562.0,4282.0,506.0,55.0,69.0,100.0,2487.0,1916.0,417.0,1394.0,1670.0,193.0,57.0,1160.0
421.0,174.0,521.0,1599.0,1998.0,280.0,2536.0,546.0,4154.0,489.0,53.0,65.0,93.0,2390.0,1888.0,413.0,1369.0,1616.0,202.0,51.0,1133.0
410.0,172.0,513.0,1589.0,1958.0,269.0,2466.0,535.0,4045.0,475.0,48.0,65.0,89.0,2321.0,1855.0,419.0,1337.0,1585.0,203.0,44.0,1125.0
380.0,167.0,489.0,1578.0,1856.0,246.0,2421.0,522.0,3939.0,464.0,40.0,65.0,81.0,2284.0,1824.0,420.0,1303.0,1527.0,193.0,43.0,1061.0
386.0,168.0,482.0,1610.0,1888.0,251.0,2429.0,536.0,3832.0,482.0,41.0,70.0,83.0,2237.0,1813.0,411.0,1311.0,1546.0,201.0,46.0,1046.0
394.0,170.0,479.0,1622.0,1906.0,243.0,2458.0,540.0,3750.0,482.0,40.0,70.0,85.0,2236.0,1812.0,409.0,1338.0,1555.0,201.0,48.0,1047.0
375.0,172.0,479.0,1608.0,1833.0,243.0,2456.0,549.0,3788.0,475.0,38.0,60.0,85.0,2169.0,1782.0,401.0,1312.0,1503.0,193.0,51.0,1027.0
365.0,168.0,471.0,1581.0,1759.0,226.0,2320.0,525.0,3707.0,459.0,38.0,53.0,84.0,2071.0,1742.0,384.0,1273.0,1447.0,170.0,46.0,999.0
349.0,164.0,464.0,1556.0,1670.0,214.0,2272.0,496.0,3585.0,438.0,35.0,49.0,83.0,1982.0,1714.0,360.0,1212.0,1415.0,162.0,39.0,916.0
334.0,157.0,464.0,1527.0,1611.0,203.0,2216.0,469.0,3459.0,421.0,33.0,40.0,79.0,1926.0,1685.0,351.0,1163.0,1366.0,159.0,36.0,885.0
309.0,156.0,447.0,1504.0,1554.0,178.0,2141.0,443.0,3340.0,403.0,30.0,33.0,80.0,1892.0,1659.0,349.0,1135.0,1322.0,156.0,34.0,845.0
299.0,146.0,453.0,1467.0,1522.0,173.0,2098.0,436.0,3218.0,390.0,29.0,35.0,77.0,1839.0,1666.0,335.0,1110.0,1296.0,156.0,40.0,827.0
307.0,141.0,454.0,1478.0,1544.0,169.0,2133.0,439.0,3147.0,392.0,30.0,37.0,80.0,1841.0,1607.0,329.0,1119.0,1311.0,163.0,36.0,828.0
279.0,136.0,443.0,1464.0,1480.0,156.0,2073.0,421.0,3010.0,369.0,31.0,32.0,73.0,1806.0,1542.0,314.0,1092.0,1263.0,160.0,31.0,818.0
270.0,132.0,430.0,1423.0,1417.0,138.0,1976.0,399.0,2889.0,352.0,28.0,31.0,68.0,1744.0,1476.0,292.0,1044.0,1202.0,155.0,26.0,780.0
255.0,131.0,428.0,1390.0,1362.0,116.0,1822.0,373.0,2768.0,336.0,24.0,31.0,68.0,1640.0,1383.0,280.0,1007.0,1165.0,146.0,27.0,749.0
234.0,125.0,411.0,1349.0,1296.0,106.0,1830.0,352.0,2662.0,328.0,22.0,30.0,68.0,1546.0,1321.0,261.0,961.0,1117.0,144.0,31.0,716.0
224.0,119.0,405.0,1298.0,1217.0,90.0,1824.0,342.0,2549.0,316.0,22.0,28.0,65.0,1423.0,1260.0,256.0,947.0,1064.0,138.0,29.0,682.0
221.0,116.0,382.0,1273.0,1199.0,88.0,1784.0,331.0,2435.0,303.0,22.0,24.0,65.0,1388.0,1251.0,251.0,930.0,1017.0,140.0,26.0,667.0
223.0,115.0,379.0,1261.0,1218.0,87.0,1798.0,319.0,2399.0,310.0,23.0,19.0,62.0,1319.0,1223.0,250.0,920.0,1031.0,131.0,25.0,666.0
217.0,109.0,373.0,1214.0,1152.0,80.0,1735.0,301.0,2345.0,280.0,22.0,27.0,60.0,1253.0,1159.0,245.0,894.0,969.0,130.0,29.0,634.0
218.0,97.0,367.0,1174.0,1082.0,77.0,1669.0,278.0,2257.0,260.0,22.0,25.0,55.0,1208.0,1118.0,233.0,840.0,929.0,122.0,23.0,607.0
197.0,97.0,352.0,1154.0,1024.0,71.0,1604.0,266.0,2071.0,236.0,20.0,25.0,51.0,1122.0,1027.0,231.0,808.0,877.0,111.0,23.0,560.0
197.0,91.0,341.0,1129.0,978.0,67.0,1528.0,248.0,1970.0,234.0,21.0,21.0,48.0,1044.0,991.0,221.0,778.0,837.0,101.0,22.0,527.0
196.0,89.0,318.0,1093.0,917.0,60.0,1478.0,237.0,1864.0,225.0,20.0,18.0,45.0,998.0,963.0,216.0,766.0,796.0,92.0,18.0,509.0
195.0,88.0,313.0,1052.0,888.0,66.0,1449.0,233.0,1774.0,212.0,20.0,17.0,48.0,969.0,933.0,215.0,720.0,760.0,91.0,16.0,512.0
200.0,84.0,312.0,999.0,886.0,67.0,1413.0,224.0,1757.0,205.0,20.0,19.0,51.0,933.0,903.0,213.0,699.0,741.0,94.0,15.0,497.0
193.0,86.0,303.0,942.0,846.0,65.0,1361.0,205.0,1725.0,187.0,19.0,19.0,47.0,902.0,847.0,196.0,668.0,702.0,90.0,11.0,466.0
187.0,79.0,295.0,914.0,798.0,56.0,1283.0,196.0,1642.0,174.0,15.0,20.0,43.0,868.0,809.0,190.0,639.0,660.0,89.0,12.0,427.0
178.0,74.0,293.0,855.0,733.0,49.0,1226.0,178.0,1559.0,166.0,15.0,24.0,41.0,855.0,767.0,173.0,616.0,618.0,89.0,9.0,395.0
163.0,72.0,278.0,830.0,669.0,47.0,1170.0,163.0,1481.0,158.0,15.0,21.0,36.0,739.0,722.0,166.0,585.0,565.0,81.0,8.0,365.0
151.0,63.0,268.0,812.0,636.0,43.0,1088.0,150.0,1374.0,150.0,14.0,17.0,34.0,712.0,671.0,159.0,574.0,557.0,74.0,6.0,342.0
147.0,59.0,260.0,794.0,620.0,41.0,1065.0,152.0,1322.0,141.0,11.0,19.0,33.0,705.0,635.0,155.0,549.0,532.0,68.0,7.0,337.0
150.0,58.0,257.0,765.0,630.0,43.0,1075.0,159.0,1285.0,137.0,11.0,20.0,31.0,675.0,585.0,152.0,534.0,540.0,70.0,7.0,331.0
141.0,61.0,248.0,694.0,618.0,41.0,1027.0,144.0,1293.0,126.0,11.0,20.0,24.0,638.0,555.0,145.0,507.0,504.0,68.0,7.0,309.0
132.0,57.0,236.0,679.0,579.0,38.0,981.0,136.0,1187.0,118.0,9.0,19.0,24.0,621.0,540.0,144.0,468.0,477.0,62.0,7.0,277.0
131.0,61.0,240.0,648.0,561.0,39.0,977.0,129.0,1135.0,118.0,8.0,17.0,25.0,588.0,523.0,141.0,459.0,469.0,61.0,5.0,274.0
115.0,54.0,229.0,642.0,526.0,35.0,925.0,120.0,1122.0,113.0,7.0,16.0,21.0,554.0,483.0,135.0,454.0,445.0,58.0,5.0,265.0
109.0,52.0,221.0,621.0,491.0,31.0,876.0,107.0,1057.0,109.0,5.0,16.0,24.0,528.0,456.0,123.0,441.0,407.0,57.0,6.0,244.0
99.0,49.0,205.0,617.0,482.0,29.0,815.0,107.0,1000.0,96.0,5.0,15.0,26.0,524.0,444.0,118.0,426.0,384.0,51.0,4.0,241.0
98.0,48.0,204.0,609.0,476.0,30.0,810.0,100.0,966.0,98.0,6.0,14.0,27.0,525.0,431.0,112.0,435.0,386.0,55.0,6.0,233.0
94.0,44.0,195.0,595.0,456.0,32.0,753.0,97.0,962.0,98.0,6.0,13.0,25.0,468.0,372.0,106.0,410.0,374.0,49.0,6.0,218.0
85.0,43.0,185.0,561.0,429.0,26.0,694.0,90.0,897.0,90.0,7.0,13.0,22.0,439.0,357.0,100.0,404.0,341.0,47.0,5.0,208.0
85.0,42.0,180.0,525.0,398.0,24.0,651.0,88.0,851.0,86.0,8.0,13.0,18.0,416.0,332.0,92.0,400.0,331.0,47.0,5.0,187.0
80.0,38.0,166.0,507.0,382.0,20.0,615.0,75.0,782.0,80.0,8.0,15.0,18.0,398.0,294.0,88.0,375.0,305.0,45.0,5.0,177.0
72.0,38.0,160.0,471.0,351.0,15.0,583.0,74.0,751.0,67.0,8.0,15.0,17.0,370.0,289.0,90.0,369.0,274.0,46.0,3.0,166.0
73.0,42.0,158.0,439.0,350.0,12.0,548.0,71.0,742.0,61.0,8.0,15.0,17.0,364.0,284.0,92.0,357.0,261.0,48.0,3.0,162.0
75.0,40.0,154.0,403.0,353.0,13.0,548.0,67.0,705.0,61.0,8.0,17.0,17.0,348.0,283.0,89.0,358.0,253.0,46.0,3.0,160.0
69.0,38.0,158.0,389.0,335.0,13.0,520.0,63.0,690.0,60.0,8.0,11.0,13.0,338.0,269.0,79.0,343.0,240.0,46.0,4.0,151.0
64.0,37.0,150.0,360.0,320.0,10.0,477.0,48.0,626.0,49.0,9.0,11.0,13.0,311.0,252.0,76.0,328.0,223.0,37.0,2.0,132.0
57.0,37.0,134.0,357.0,303.0,8.0,449.0,41.0,586.0,48.0,6.0,11.0,11.0,282.0,237.0,78.0,318.0,200.0,38.0,3.0,128.0
53.0,35.0,122.0,336.0,286.0,5.0,414.0,43.0,518.0,44.0,6.0,11.0,10.0,269.0,225.0,75.0,289.0,189.0,38.0,3.0,125.0
43.0,33.0,111.0,316.0,272.0,5.0,397.0,43.0,482.0,40.0,6.0,11.0,11.0,255.0,203.0,73.0,268.0,182.0,34.0,3.0,110.0
45.0,33.0,100.0,310.0,261.0,7.0,377.0,42.0,485.0,39.0,6.0,9.0,11.0,252.0,204.0,73.0,265.0,172.0,30.0,4.0,108.0
45.0,33.0,98.0,306.0,260.0,10.0,371.0,42.0,468.0,35.0,6.0,9.0,11.0,243.0,195.0,70.0,262.0,171.0,30.0,3.0,107.0
43.0,29.0,96.0,297.0,244.0,9.0,360.0,35.0,462.0,36.0,7.0,10.0,11.0,233.0,189.0,57.0,251.0,164.0,29.0,1.0,88.0
37.0,31.0,90.0,285.0,235.0,9.0,331.0,33.0,422.0,32.0,6.0,9.0,10.0,223.0,186.0,57.0,231.0,150.0,25.0,1.0,81.0
33.0,27.0,87.0,272.0,226.0,10.0,328.0,29.0,386.0,33.0,8.0,9.0,11.0,219.0,181.0,47.0,212.0,142.0,23.0,1.0,71.0
29.0,25.0,79.0,260.0,217.0,13.0,288.0,30.0,361.0,30.0,8.0,8.0,11.0,211.0,167.0,44.0,198.0,132.0,21.0,1.0,72.0
26.0,22.0,72.0,258.0,212.0,14.0,254.0,23.0,333.0,29.0,8.0,10.0,9.0,197.0,161.0,40.0,186.0,124.0,20.0,1.0,70.0
27.0,23.0,70.0,243.0,213.0,14.0,266.0,23.0,320.0,29.0,8.0,9.0,7.0,189.0,159.0,40.0,185.0,120.0,21.0,1.0,70.0
27.0,23.0,72.0,239.0,219.0,14.0,245.0,23.0,311.0,30.0,8.0,10.0,5.0,178.0,157.0,43.0,195.0,122.0,21.0,1.0,69.0
26.0,18.0,74.0,230.0,221.0,10.0,245.0,25.0,300.0,25.0,8.0,9.0,5.0,176.0,146.0,34.0,186.0,126.0,20.0,1.0,61.0
26.0,17.0,74.0,238.0,211.0,8.0,239.0,26.0,269.0,20.0,4.0,9.0,5.0,166.0,131.0,39.0,175.0,114.0,16.0,1.0,52.0
25.0,15.0,65.0,236.0,203.0,8.0,228.0,22.0,250.0,15.0,4.0,9.0,4.0,156.0,130.0,45.0,169.0,109.0,16.0,1.0,51.0
22.0,16.0,58.0,230.0,197.0,6.0,204.0,20.0,242.0,12.0,3.0,10.0,3.0,150.0,129.0,44.0,173.0,101.0,13.0,1.0,48.0
23.0,17.0,60.0,227.0,183.0,8.0,195.0,20.0,253.0,7.0,3.0,8.0,2.0,106.0,123.0,42.0,162.0,103.0,10.0,1.0,45.0
22.0,16.0,57.0,230.0,183.0,6.0,192.0,21.0,239.0,10.0,3.0,7.0,2.0,104.0,118.0,43.0,158.0,95.0,11.0,1.0,43.0
24.0,17.0,61.0,238.0,185.0,6.0,191.0,22.0,208.0,10.0,3.0,8.0,1.0,91.0,117.0,34.0,157.0,100.0,12.0,1.0,42.0
24.0,16.0,57.0,229.0,183.0,8.0,168.0,21.0,203.0,9.0,2.0,7.0,1.0,93.0,102.0,35.0,155.0,91.0,13.0,0.0,41.0
24.0,16.0,57.0,235.0,178.0,7.0,173.0,18.0,194.0,8.0,1.0,7.0,0.0,75.0,96.0,34.0,148.0,86.0,13.0,0.0,44.0
26.0,15.0,55.0,235.0,174.0,6.0,166.0,18.0,177.0,11.0,1.0,7.0,0.0,68.0,93.0,34.0,148.0,83.0,14.0,0.0,46.0
27.0,14.0,48.0,221.0,170.0,7.0,162.0,18.0,162.0,10.0,1.0,9.0,0.0,70.0,92.0,34.0,148.0,83.0,13.0,0.0,47.0
29.0,13.0,49.0,215.0,166.0,5.0,157.0,16.0,158.0,10.0,1.0,9.0,0.0,67.0,87.0,37.0,149.0,85.0,10.0,0.0,45.0
30.0,13.0,48.0,211.0,163.0,5.0,153.0,16.0,161.0,10.0,1.0,9.0,0.0,67.0,87.0,39.0,146.0,81.0,8.0,0.0,47.0
30.0,13.0,48.0,213.0,165.0,4.0,158.0,12.0,164.0,10.0,1.0,9.0,0.0,65.0,82.0,41.0,158.0,80.0,9.0,0.0,45.0
29.0,12.0,46.0,211.0,157.0,5.0,154.0,17.0,166.0,11.0,1.0,8.0,0.0,58.0,77.0,43.0,159.0,72.0,9.0,0.0,50.0
26.0,12.0,50.0,204.0,158.0,6.0,146.0,13.0,155.0,12.0,1.0,6.0,0.0,54.0,80.0,49.0,157.0,71.0,9.0,0.0,50.0
25.0,10.0,50.0,207.0,154.0,6.0,130.0,12.0,157.0,11.0,1.0,5.0,2.0,53.0,76.0,45.0,161.0,77.0,8.0,0.0,52.0
26.0,14.0,50.0,183.0,163.0,7.0,130.0,13.0,173.0,13.0,0.0,5.0,1.0,51.0,74.0,46.0,167.0,76.0,5.0,0.0,52.0
23.0,14.0,52.0,194.0,159.0,8.0,130.0,16.0,167.0,13.0,0.0,6.0,2.0,48.0,74.0,60.0,166.0,80.0,7.0,0.0,54.0
22.0,13.0,54.0,185.0,154.0,9.0,145.0,17.0,166.0,15.0,1.0,7.0,2.0,49.0,75.0,64.0,170.0,82.0,8.0,0.0,54.0
23.0,16.0,55.0,191.0,156.0,9.0,159.0,20.0,168.0,15.0,1.0,9.0,2.0,57.0,76.0,61.0,176.0,90.0,9.0,0.0,57.0
21.0,16.0,51.0,197.0,152.0,9.0,161.0,19.0,167.0,14.0,1.0,7.0,2.0,60.0,85.0,61.0,177.0,85.0,10.0,0.0,64.0
19.0,19.0,51.0,188.0,154.0,8.0,179.0,21.0,160.0,15.0,1.0,5.0,3.0,53.0,82.0,51.0,185.0,91.0,10.0,0.0,59.0
19.0,19.0,50.0,196.0,151.0,8.0,179.0,20.0,163.0,19.0,1.0,4.0,4.0,55.0,86.0,64.0,180.0,90.0,12.0,0.0,72.0
20.0,22.0,53.0,200.0,153.0,9.0,213.0,24.0,169.0,17.0,1.0,2.0,3.0,50.0,89.0,57.0,193.0,98.0,14.0,0.0,72.0
23.0,16.0,56.0,188.0,159.0,9.0,228.0,26.0,179.0,18.0,1.0,2.0,6.0,57.0,90.0,61.0,209.0,99.0,11.0,0.0,74.0
24.0,13.0,54.0,191.0,159.0,11.0,243.0,37.0,177.0,18.0,1.0,3.0,5.0,61.0,87.0,63.0,221.0,112.0,13.0,1.0,76.0
25.0,15.0,56.0,200.0,169.0,10.0,274.0,44.0,179.0,19.0,1.0,10.0,7.0,71.0,83.0,74.0,244.0,119.0,13.0,1.0,80.0
24.0,13.0,59.0,198.0,171.0,12.0,289.0,41.0,209.0,16.0,1.0,10.0,6.0,70.0,88.0,79.0,264.0,128.0,14.0,1.0,107.0
26.0,12.0,63.0,197.0,182.0,11.0,298.0,43.0,223.0,21.0,1.0,11.0,6.0,71.0,84.0,78.0,289.0,121.0,15.0,1.0,115.0
23.0,14.0,61.0,194.0,196.0,12.0,312.0,39.0,236.0,25.0,1.0,10.0,6.0,80.0,84.0,72.0,296.0,125.0,17.0,1.0,120.0
22.0,15.0,68.0,201.0,211.0,17.0,334.0,42.0,237.0,26.0,1.0,10.0,6.0,77.0,90.0,81.0,298.0,141.0,16.0,1.0,119.0
23.0,17.0,70.0,208.0,223.0,17.0,332.0,42.0,231.0,27.0,1.0,8.0,8.0,75.0,89.0,88.0,306.0,154.0,19.0,2.0,125.0
34.0,17.0,72.0,230.0,240.0,19.0,343.0,43.0,235.0,31.0,1.0,8.0,9.0,87.0,84.0,91.0,328.0,167.0,20.0,2.0,123.0
39.0,20.0,76.0,235.0,261.0,22.0,369.0,44.0,242.0,35.0,1.0,10.0,10.0,87.0,92.0,96.0,354.0,179.0,21.0,2.0,124.0
43.0,20.0,76.0,234.0,269.0,26.0,407.0,45.0,269.0,38.0,2.0,10.0,9.0,87.0,94.0,99.0,370.0,193.0,19.0,3.0,141.0
40.0,20.0,79.0,251.0,278.0,25.0,430.0,47.0,279.0,42.0,2.0,10.0,9.0,91.0,96.0,106.0,387.0,198.0,22.0,4.0,153.0
39.0,20.0,80.0,259.0,291.0,23.0,445.0,53.0,285.0,50.0,3.0,10.0,11.0,95.0,108.0,106.0,402.0,223.0,20.0,4.0,150.0
42.0,22.0,81.0,271.0,285.0,23.0,451.0,55.0,283.0,51.0,3.0,10.0,12.0,85.0,109.0,115.0,417.0,229.0,19.0,3.0,160.0
43.0,23.0,78.0,268.0,302.0,22.0,435.0,59.0,294.0,49.0,3.0,9.0,18.0,90.0,114.0,128.0,441.0,249.0,25.0,3.0,168.0
44.0,24.0,88.0,263.0,316.0,25.0,452.0,63.0,311.0,51.0,3.0,10.0,16.0,94.0,111.0,131.0,472.0,258.0,26.0,3.0,169.0
50.0,25.0,91.0,278.0,337.0,27.0,500.0,66.0,312.0,55.0,5.0,11.0,16.0,106.0,123.0,131.0,494.0,283.0,30.0,3.0,166.0
54.0,25.0,93.0,286.0,344.0,30.0,504.0,68.0,318.0,53.0,5.0,13.0,14.0,109.0,133.0,141.0,498.0,292.0,31.0,3.0,188.0
49.0,24.0,104.0,299.0,354.0,31.0,528.0,65.0,329.0,48.0,5.0,13.0,14.0,115.0,145.0,141.0,518.0,289.0,31.0,5.0,178.0
52.0,26.0,103.0,306.0,351.0,32.0,532.0,70.0,329.0,43.0,6.0,14.0,16.0,119.0,148.0,151.0,532.0,291.0,31.0,5.0,170.0
51.0,28.0,109.0,319.0,357.0,29.0,534.0,78.0,332.0,38.0,7.0,17.0,16.0,124.0,146.0,151.0,564.0,295.0,34.0,5.0,168.0
55.0,32.0,111.0,333.0,354.0,33.0,521.0,78.0,353.0,40.0,9.0,13.0,17.0,117.0,149.0,152.0,596.0,301.0,34.0,4.0,171.0
61.0,34.0,110.0,328.0,361.0,35.0,523.0,83.0,350.0,45.0,9.0,19.0,20.0,124.0,150.0,155.0,606.0,320.0,35.0,4.0,174.0
66.0,36.0,116.0,332.0,384.0,37.0,563.0,85.0,351.0,45.0,7.0,18.0,22.0,138.0,159.0,162.0,654.0,334.0,38.0,4.0,187.0
67.0,37.0,121.0,345.0,405.0,33.0,571.0,87.0,359.0,47.0,8.0,18.0,23.0,144.0,160.0,176.0,684.0,347.0,49.0,4.0,210.0
68.0,34.0,129.0,356.0,416.0,39.0,588.0,84.0,358.0,53.0,6.0,19.0,25.0,150.0,163.0,183.0,701.0,354.0,46.0,4.0,225.0
71.0,37.0,136.0,363.0,423.0,36.0,591.0,87.0,351.0,54.0,8.0,20.0,23.0,153.0,168.0,195.0,724.0,360.0,53.0,4.0,230.0
74.0,39.0,133.0,370.0,417.0,37.0,595.0,92.0,355.0,58.0,8.0,18.0,25.0,141.0,178.0,198.0,746.0,371.0,56.0,3.0,233.0
71.0,40.0,134.0,366.0,422.0,39.0,596.0,89.0,360.0,58.0,7.0,18.0,24.0,145.0,187.0,210.0,761.0,374.0,57.0,4.0,237.0
73.0,38.0,130.0,359.0,434.0,41.0,575.0,89.0,352.0,55.0,6.0,20.0,26.0,152.0,197.0,214.0,788.0,392.0,58.0,5.0,235.0
78.0,39.0,131.0,384.0,454.0,45.0,605.0,95.0,363.0,57.0,7.0,23.0,27.0,155.0,208.0,219.0,817.0,407.0,60.0,5.0,234.0
81.0,42.0,135.0,386.0,465.0,42.0,592.0,95.0,374.0,66.0,9.0,21.0,30.0,151.0,232.0,246.0,842.0,426.0,62.0,4.0,239.0
86.0,41.0,139.0,364.0,465.0,39.0,582.0,86.0,383.0,78.0,9.0,22.0,28.0,148.0,242.0,249.0,853.0,419.0,62.0,3.0,224.0
91.0,39.0,146.0,382.0,458.0,40.0,575.0,82.0,381.0,77.0,8.0,21.0,25.0,152.0,252.0,253.0,855.0,440.0,62.0,3.0,220.0
87.0,42.0,157.0,371.0,471.0,51.0,558.0,86.0,377.0,81.0,8.0,22.0,28.0,156.0,257.0,257.0,881.0,447.0,59.0,2.0,227.0
89.0,45.0,165.0,372.0,449.0,51.0,528.0,89.0,373.0,85.0,8.0,24.0,24.0,159.0,260.0,260.0,902.0,460.0,52.0,2.0,225.0
87.0,47.0,169.0,377.0,459.0,57.0,513.0,86.0,377.0,82.0,8.0,23.0,25.0,159.0,266.0,258.0,914.0,472.0,58.0,0.0,221.0
95.0,48.0,174.0,384.0,469.0,62.0,548.0,87.0,389.0,81.0,9.0,26.0,26.0,169.0,275.0,254.0,947.0,478.0,57.0,0.0,234.0
96.0,49.0,176.0,402.0,453.0,62.0,534.0,87.0,398.0,79.0,8.0,24.0,25.0,167.0,253.0,267.0,941.0,473.0,54.0,0.0,248.0
93.0,46.0,178.0,395.0,438.0,65.0,519.0,84.0,405.0,87.0,9.0,27.0,20.0,180.0,254.0,254.0,950.0,466.0,51.0,0.0,250.0
91.0,44.0,186.0,389.0,436.0,65.0,516.0,82.0,398.0,87.0,9.0,25.0,18.0,178.0,256.0,251.0,967.0,461.0,51.0,0.0,250.0
92.0,47.0,185.0,372.0,444.0,66.0,513.0,80.0,403.0,79.0,11.0,24.0,19.0,179.0,248.0,251.0,957.0,456.0,51.0,0.0,243.0
89.0,43.0,190.0,399.0,445.0,63.0,513.0,78.0,409.0,80.0,12.0,29.0,18.0,182.0,250.0,258.0,965.0,459.0,53.0,0.0,238.0
88.0,48.0,189.0,400.0,442.0,58.0,512.0,80.0,423.0,82.0,13.0,33.0,18.0,186.0,246.0,258.0,965.0,450.0,55.0,0.0,242.0
87.0,50.0,191.0,379.0,459.0,63.0,533.0,83.0,431.0,78.0,13.0,31.0,17.0,207.0,250.0,263.0,975.0,452.0,57.0,1.0,252.0
89.0,53.0,194.0,380.0,455.0,62.0,544.0,81.0,438.0,79.0,13.0,31.0,18.0,201.0,244.0,262.0,966.0,447.0,57.0,1.0,255.0
86.0,49.0,195.0,376.0,448.0,63.0,530.0,77.0,441.0,80.0,13.0,29.0,19.0,199.0,239.0,254.0,939.0,448.0,59.0,1.0,254.0
83.0,53.0,184.0,372.0,447.0,59.0,521.0,93.0,453.0,81.0,13.0,27.0,22.0,202.0,230.0,252.0,926.0,448.0,56.0,1.0,265.0
83.0,50.0,181.0,367.0,443.0,59.0,514.0,92.0,450.0,83.0,9.0,32.0,20.0,212.0,209.0,245.0,901.0,442.0,58.0,2.0,260.0
78.0,53.0,178.0,363.0,433.0,55.0,504.0,91.0,461.0,82.0,11.0,32.0,20.0,205.0,202.0,244.0,907.0,434.0,58.0,2.0,251.0
77.0,52.0,177.0,363.0,443.0,54.0,504.0,94.0,472.0,83.0,11.0,30.0,17.0,215.0,203.0,233.0,892.0,429.0,53.0,2.0,268.0
82.0,53.0,181.0,357.0,465.0,55.0,516.0,99.0,478.0,84.0,11.0,28.0,21.0,219.0,213.0,237.0,895.0,436.0,56.0,2.0,275.0
80.0,50.0,186.0,360.0,471.0,54.0,510.0,101.0,496.0,82.0,11.0,29.0,20.0,224.0,203.0,224.0,871.0,420.0,53.0,2.0,272.0
80.0,50.0,193.0,354.0,494.0,56.0,498.0,95.0,494.0,83.0,9.0,33.0,21.0,220.0,205.0,218.0,830.0,406.0,48.0,3.0,278.0
77.0,50.0,191.0,354.0,471.0,57.0,489.0,89.0,494.0,81.0,9.0,26.0,20.0,218.0,204.0,207.0,796.0,398.0,49.0,2.0,267.0
79.0,49.0,184.0,349.0,452.0,56.0,490.0,88.0,486.0,84.0,8.0,22.0,17.0,229.0,195.0,206.0,795.0,402.0,50.0,2.0,271.0
82.0,53.0,181.0,343.0,448.0,51.0,487.0,91.0,495.0,81.0,7.0,29.0,15.0,219.0,206.0,206.0,766.0,395.0,51.0,2.0,269.0
84.0,53.0,183.0,331.0,454.0,56.0,484.0,89.0,487.0,79.0,7.0,30.0,16.0,224.0,206.0,209.0,758.0,385.0,52.0,3.0,269.0
87.0,55.0,189.0,324.0,459.0,59.0,498.0,82.0,498.0,77.0,7.0,31.0,18.0,229.0,214.0,206.0,756.0,387.0,51.0,3.0,275.0
88.0,59.0,191.0,305.0,459.0,62.0,487.0,81.0,499.0,78.0,7.0,28.0,17.0,220.0,218.0,195.0,736.0,389.0,50.0,2.0,282.0
82.0,57.0,186.0,306.0,463.0,59.0,472.0,78.0,480.0,79.0,6.0,30.0,18.0,208.0,201.0,190.0,696.0,372.0,48.0,3.0,275.0
71.0,53.0,182.0,296.0,436.0,57.0,456.0,78.0,473.0,80.0,6.0,30.0,21.0,199.0,198.0,188.0,656.0,357.0,48.0,2.0,268.0
68.0,51.0,171.0,286.0,437.0,56.0,446.0,70.0,474.0,81.0,5.0,28.0,22.0,204.0,187.0,176.0,623.0,348.0,45.0,2.0,262.0
62.0,43.0,172.0,281.0,431.0,54.0,451.0,67.0,459.0,79.0,5.0,32.0,22.0,216.0,190.0,166.0,608.0,337.0,45.0,3.0,255.0
63.0,42.0,169.0,277.0,434.0,49.0,450.0,64.0,440.0,76.0,5.0,31.0,21.0,222.0,185.0,163.0,607.0,321.0,46.0,3.0,250.0
67.0,51.0,172.0,277.0,437.0,49.0,452.0,62.0,451.0,76.0,4.0,33.0,22.0,233.0,182.0,158.0,615.0,334.0,43.0,3.0,254.0
66.0,41.0,179.0,267.0,433.0,48.0,445.0,61.0,449.0,74.0,3.0,34.0,24.0,216.0,171.0,154.0,596.0,324.0,41.0,3.0,248.0
63.0,39.0,170.0,260.0,432.0,51.0,449.0,59.0,442.0,75.0,3.0,34.0,23.0,205.0,163.0,148.0,572.0,292.0,46.0,2.0,239.0
60.0,37.0,162.0,245.0,420.0,49.0,441.0,57.0,437.0,75.0,2.0,32.0,23.0,205.0,160.0,137.0,545.0,271.0,45.0,2.0,233.0
56.0,38.0,156.0,233.0,416.0,46.0,437.0,53.0,426.0,70.0,2.0,33.0,20.0,209.0,157.0,132.0,524.0,265.0,50.0,2.0,222.0
57.0,36.0,157.0,228.0,416.0,47.0,416.0,59.0,423.0,65.0,2.0,33.0,19.0,208.0,158.0,126.0,505.0,263.0,50.0,3.0,218.0
58.0,34.0,147.0,221.0,417.0,46.0,410.0,60.0,416.0,58.0,3.0,33.0,20.0,212.0,158.0,122.0,474.0,264.0,52.0,3.0,214.0
59.0,33.0,146.0,226.0,427.0,47.0,422.0,57.0,403.0,59.0,3.0,37.0,21.0,214.0,166.0,127.0,486.0,269.0,50.0,3.0,214.0
55.0,29.0,143.0,224.0,411.0,46.0,425.0,61.0,417.0,61.0,3.0,33.0,21.0,206.0,168.0,125.0,458.0,268.0,50.0,2.0,195.0
56.0,30.0,134.0,215.0,384.0,46.0,423.0,56.0,414.0,55.0,3.0,32.0,20.0,187.0,168.0,123.0,438.0,263.0,50.0,2.0,188.0
53.0,30.0,128.0,220.0,386.0,42.0,415.0,55.0,412.0,51.0,3.0,32.0,21.0,181.0,165.0,115.0,415.0,255.0,51.0,2.0,195.0
51.0,28.0,124.0,208.0,366.0,44.0,401.0,56.0,394.0,51.0,3.0,29.0,19.0,173.0,155.0,117.0,405.0,252.0,54.0,2.0,193.0
51.0,26.0,116.0,201.0,350.0,50.0,400.0,59.0,396.0,55.0,3.0,31.0,16.0,178.0,156.0,96.0,390.0,250.0,50.0,2.0,183.0
55.0,25.0,118.0,191.0,359.0,52.0,390.0,59.0,387.0,56.0,3.0,31.0,16.0,181.0,154.0,89.0,378.0,241.0,46.0,2.0,182.0
55.0,24.0,117.0,192.0,368.0,53.0,412.0,55.0,380.0,56.0,3.0,31.0,18.0,198.0,155.0,90.0,387.0,245.0,45.0,2.0,176.0
53.0,26.0,112.0,195.0,380.0,56.0,392.0,50.0,389.0,56.0,3.0,29.0,19.0,202.0,155.0,88.0,379.0,232.0,44.0,1.0,174.0
52.0,25.0,103.0,191.0,360.0,48.0,373.0,56.0,374.0,55.0,4.0,27.0,18.0,192.0,155.0,87.0,355.0,227.0,38.0,2.0,177.0
54.0,26.0,103.0,189.0,355.0,48.0,355.0,57.0,354.0,54.0,3.0,30.0,20.0,195.0,150.0,89.0,332.0,209.0,35.0,3.0,177.0
53.0,24.0,106.0,205.0,345.0,48.0,344.0,62.0,353.0,54.0,2.0,30.0,21.0,197.0,151.0,85.0,302.0,216.0,38.0,3.0,163.0
55.0,22.0,104.0,188.0,326.0,44.0,348.0,59.0,342.0,54.0,3.0,30.0,19.0,199.0,152.0,63.0,293.0,215.0,37.0,4.0,166.0
58.0,24.0,96.0,196.0,328.0,46.0,356.0,61.0,341.0,55.0,3.0,28.0,18.0,197.0,152.0,61.0,288.0,219.0,40.0,4.0,164.0
61.0,22.0,98.0,202.0,334.0,50.0,366.0,61.0,340.0,54.0,3.0,33.0,18.0,195.0,147.0,61.0,297.0,233.0,41.0,4.0,166.0
60.0,22.0,90.0,197.0,332.0,53.0,356.0,61.0,336.0,54.0,4.0,32.0,17.0,203.0,147.0,60.0,303.0,231.0,37.0,2.0,181.0
56.0,22.0,91.0,204.0,327.0,56.0,362.0,61.0,335.0,56.0,4.0,37.0,14.0,208.0,148.0,70.0,312.0,233.0,35.0,2.0,186.0
53.0,24.0,85.0,211.0,314.0,60.0,363.0,61.0,329.0,54.0,5.0,36.0,12.0,198.0,151.0,70.0,314.0,232.0,39.0,3.0,181.0
51.0,23.0,85.0,207.0,317.0,57.0,361.0,67.0,325.0,55.0,5.0,41.0,9.0,195.0,143.0,68.0,308.0,235.0,40.0,3.0,191.0
57.0,23.0,83.0,196.0,308.0,58.0,372.0,68.0,330.0,56.0,6.0,44.0,6.0,197.0,145.0,60.0,310.0,241.0,39.0,6.0,188.0
62.0,21.0,85.0,192.0,315.0,61.0,385.0,69.0,324.0,55.0,6.0,43.0,8.0,205.0,143.0,52.0,309.0,248.0,39.0,6.0,186.0
66.0,21.0,86.0,200.0,319.0,62.0,407.0,72.0,328.0,58.0,7.0,50.0,12.0,206.0,150.0,51.0,329.0,259.0,41.0,6.0,187.0
62.0,21.0,90.0,210.0,318.0,59.0,405.0,73.0,350.0,55.0,6.0,52.0,13.0,201.0,147.0,52.0,322.0,258.0,41.0,6.0,204.0
62.0,21.0,93.0,219.0,315.0,66.0,409.0,71.0,360.0,59.0,6.0,47.0,13.0,201.0,146.0,49.0,318.0,260.0,38.0,7.0,196.0
63.0,20.0,96.0,234.0,314.0,69.0,404.0,68.0,345.0,61.0,7.0,49.0,12.0,199.0,150.0,46.0,324.0,251.0,42.0,6.0,196.0
74.0,22.0,99.0,249.0,314.0,74.0,418.0,67.0,343.0,65.0,7.0,49.0,13.0,196.0,149.0,47.0,321.0,258.0,41.0,5.0,196.0
68.0,22.0,102.0,268.0,322.0,75.0,425.0,72.0,346.0,69.0,7.0,50.0,18.0,192.0,146.0,44.0,318.0,269.0,41.0,4.0,195.0
65.0,22.0,103.0,260.0,335.0,82.0,440.0,77.0,339.0,72.0,7.0,49.0,19.0,197.0,146.0,47.0,321.0,270.0,43.0,5.0,197.0
64.0,24.0,107.0,278.0,339.0,93.0,464.0,85.0,333.0,72.0,7.0,53.0,24.0,209.0,156.0,50.0,336.0,283.0,44.0,5.0,201.0
70.0,26.0,107.0,291.0,349.0,96.0,491.0,89.0,341.0,80.0,7.0,60.0,28.0,225.0,161.0,49.0,345.0,299.0,48.0,5.0,210.0
73.0,25.0,106.0,285.0,345.0,105.0,496.0,85.0,366.0,81.0,6.0,62.0,27.0,236.0,158.0,47.0,345.0,297.0,47.0,4.0,214.0
75.0,25.0,107.0,280.0,335.0,114.0,505.0,88.0,379.0,81.0,6.0,61.0,27.0,227.0,163.0,44.0,339.0,300.0,46.0,3.0,223.0
73.0,26.0,115.0,280.0,342.0,124.0,534.0,91.0,384.0,82.0,7.0,62.0,26.0,227.0,163.0,51.0,350.0,298.0,49.0,3.0,232.0
77.0,28.0,120.0,285.0,354.0,127.0,539.0,91.0,379.0,85.0,6.0,58.0,24.0,219.0,161.0,51.0,367.0,301.0,50.0,9.0,234.0
75.0,29.0,122.0,284.0,365.0,132.0,541.0,97.0,385.0,88.0,6.0,60.0,22.0,225.0,166.0,52.0,362.0,298.0,48.0,9.0,247.0
80.0,25.0,122.0,292.0,379.0,142.0,571.0,107.0,394.0,94.0,7.0,69.0,23.0,249.0,171.0,55.0,379.0,305.0,46.0,7.0,260.0
84.0,24.0,117.0,299.0,378.0,143.0,584.0,111.0,426.0,92.0,7.0,69.0,18.0,257.0,171.0,58.0,394.0,305.0,44.0,6.0,270.0
87.0,25.0,119.0,303.0,391.0,145.0,583.0,112.0,444.0,93.0,7.0,72.0,21.0,250.0,171.0,56.0,370.0,293.0,41.0,6.0,281.0
88.0,25.0,118.0,307.0,403.0,146.0,603.0,111.0,454.0,91.0,7.0,73.0,22.0,266.0,174.0,55.0,368.0,295.0,40.0,5.0,280.0
91.0,26.0,116.0,307.0,404.0,153.0,606.0,104.0,483.0,91.0,5.0,71.0,22.0,266.0,178.0,55.0,358.0,285.0,44.0,7.0,298.0
86.0,26.0,121.0,303.0,427.0,163.0,619.0,103.0,481.0,87.0,5.0,74.0,21.0,277.0,179.0,52.0,370.0,293.0,42.0,8.0,313.0
85.0,27.0,121.0,312.0,437.0,179.0,628.0,98.0,491.0,80.0,3.0,73.0,21.0,288.0,178.0,52.0,376.0,293.0,40.0,7.0,316.0
92.0,28.0,129.0,314.0,460.0,181.0,654.0,110.0,510.0,93.0,2.0,83.0,22.0,303.0,183.0,52.0,384.0,297.0,43.0,9.0,334.0
95.0,25.0,128.0,323.0,475.0,193.0,679.0,118.0,575.0,91.0,2.0,79.0,30.0,307.0,187.0,53.0,398.0,301.0,45.0,8.0,339.0
97.0,26.0,134.0,318.0,500.0,203.0,674.0,120.0,609.0,91.0,5.0,78.0,28.0,320.0,180.0,53.0,394.0,305.0,45.0,9.0,357.0
101.0,24.0,134.0,320.0,501.0,212.0,687.0,109.0,640.0,86.0,6.0,80.0,32.0,326.0,167.0,52.0,388.0,309.0,47.0,9.0,361.0
95.0,23.0,123.0,322.0,517.0,219.0,696.0,113.0,680.0,88.0,8.0,85.0,39.0,339.0,165.0,54.0,370.0,301.0,44.0,9.0,367.0
96.0,24.0,125.0,319.0,540.0,232.0,693.0,119.0,714.0,89.0,9.0,85.0,42.0,332.0,169.0,59.0,386.0,297.0,53.0,8.0,371.0
96.0,23.0,123.0,320.0,574.0,241.0,719.0,132.0,727.0,87.0,9.0,87.0,47.0,340.0,161.0,61.0,379.0,292.0,53.0,8.0,386.0
99.0,23.0,131.0,313.0,614.0,249.0,740.0,136.0,751.0,91.0,10.0,88.0,57.0,367.0,166.0,64.0,393.0,299.0,54.0,7.0,404.0
100.0,19.0,128.0,324.0,616.0,254.0,761.0,141.0,803.0,90.0,10.0,89.0,53.0,356.0,168.0,61.0,382.0,303.0,54.0,11.0,434.0
102.0,17.0,134.0,333.0,623.0,258.0,784.0,144.0,801.0,92.0,10.0,85.0,51.0,347.0,162.0,56.0,384.0,300.0,54.0,13.0,452.0
98.0,17.0,128.0,330.0,637.0,277.0,773.0,149.0,814.0,95.0,11.0,89.0,52.0,363.0,162.0,60.0,376.0,301.0,56.0,15.0,474.0
98.0,17.0,126.0,320.0,634.0,279.0,797.0,161.0,848.0,97.0,12.0,97.0,49.0,358.0,161.0,74.0,371.0,297.0,58.0,16.0,484.0
107.0,16.0,131.0,323.0,652.0,286.0,804.0,156.0,864.0,103.0,12.0,95.0,44.0,368.0,158.0,74.0,367.0,294.0,60.0,16.0,520.0
115.0,14.0,133.0,325.0,694.0,303.0,810.0,154.0,880.0,102.0,13.0,101.0,50.0,390.0,159.0,76.0,359.0,295.0,62.0,19.0,548.0
119.0,14.0,140.0,333.0,729.0,316.0,832.0,160.0,916.0,107.0,13.0,105.0,53.0,413.0,157.0,83.0,365.0,311.0,62.0,21.0,555.0
113.0,13.0,146.0,344.0,760.0,314.0,805.0,169.0,951.0,110.0,13.0,110.0,52.0,418.0,157.0,84.0,351.0,317.0,61.0,22.0,600.0
115.0,14.0,146.0,341.0,743.0,313.0,792.0,177.0,995.0,113.0,12.0,111.0,51.0,409.0,155.0,88.0,351.0,307.0,57.0,30.0,614.0
118.0,14.0,153.0,334.0,749.0,320.0,785.0,180.0,1004.0,117.0,12.0,113.0,53.0,436.0,152.0,86.0,351.0,298.0,53.0,29.0,639.0
123.0,12.0,155.0,333.0,762.0,309.0,815.0,186.0,1026.0,123.0,13.0,104.0,60.0,447.0,146.0,86.0,356.0,294.0,53.0,26.0,664.0
112.0,14.0,161.0,344.0,780.0,306.0,803.0,195.0,1045.0,126.0,13.0,106.0,58.0,456.0,154.0,85.0,345.0,295.0,47.0,24.0,691.0
122.0,14.0,165.0,352.0,807.0,316.0,811.0,194.0,1079.0,126.0,14.0,107.0,67.0,476.0,160.0,90.0,347.0,299.0,50.0,22.0,715.0
128.0,14.0,172.0,362.0,856.0,334.0,864.0,215.0,1111.0,130.0,15.0,113.0,73.0,500.0,155.0,93.0,362.0,300.0,50.0,20.0,755.0
127.0,18.0,179.0,364.0,888.0,331.0,875.0,218.0,1175.0,136.0,15.0,116.0,75.0,502.0,153.0,99.0,373.0,312.0,48.0,21.0,829.0
130.0,21.0,185.0,375.0,919.0,327.0,873.0,222.0,1202.0,142.0,12.0,112.0,76.0,496.0,159.0,97.0,366.0,317.0,49.0,23.0,787.0
134.0,20.0,184.0,373.0,981.0,322.0,891.0,259.0,1220.0,143.0,13.0,114.0,92.0,507.0,154.0,102.0,387.0,325.0,51.0,25.0,847.0
130.0,20.0,183.0,371.0,1009.0,322.0,896.0,273.0,1263.0,143.0,11.0,107.0,95.0,532.0,147.0,103.0,392.0,334.0,52.0,24.0,892.0
127.0,21.0,180.0,374.0,1016.0,316.0,882.0,294.0,1272.0,144.0,10.0,103.0,95.0,554.0,145.0,99.0,400.0,323.0,51.0,21.0,930.0
135.0,21.0,183.0,394.0,1031.0,321.0,894.0,301.0,1251.0,152.0,11.0,111.0,99.0,596.0,146.0,102.0,435.0,342.0,52.0,21.0,928.0
134.0,21.0,196.0,388.0,1092.0,334.0,935.0,326.0,1278.0,159.0,11.0,118.0,108.0,628.0,146.0,100.0,450.0,354.0,55.0,22.0,952.0
135.0,25.0,210.0,409.0,1093.0,341.0,925.0,323.0,1331.0,163.0,13.0,108.0,120.0,650.0,156.0,94.0,474.0,359.0,55.0,23.0,1019.0
134.0,26.0,220.0,420.0,1098.0,327.0,937.0,328.0,1334.0,177.0,12.0,107.0,115.0,664.0,155.0,117.0,497.0,371.0,56.0,20.0,1064.0
140.0,31.0,224.0,421.0,1096.0,321.0,916.0,346.0,1331.0,186.0,11.0,98.0,110.0,677.0,153.0,125.0,512.0,371.0,57.0,20.0,1109.0
135.0,33.0,226.0,445.0,1091.0,317.0,939.0,366.0,1340.0,191.0,8.0,103.0,102.0,720.0,168.0,123.0,533.0,390.0,59.0,20.0,1134.0
140.0,30.0,236.0,449.0,1093.0,319.0,944.0,368.0,1377.0,201.0,9.0,94.0,110.0,720.0,164.0,128.0,549.0,389.0,60.0,22.0,1127.0
149.0,30.0,240.0,454.0,1135.0,315.0,945.0,376.0,1385.0,204.0,9.0,97.0,110.0,752.0,174.0,127.0,575.0,386.0,63.0,24.0,1142.0
149.0,32.0,249.0,470.0,1190.0,324.0,1023.0,411.0,1420.0,213.0,9.0,102.0,120.0,824.0,178.0,131.0,591.0,406.0,62.0,23.0,1161.0
147.0,38.0,252.0,487.0,1191.0,328.0,1043.0,432.0,1468.0,216.0,11.0,109.0,124.0,894.0,188.0,127.0,605.0,424.0,65.0,24.0,1220.0
141.0,42.0,260.0,495.0,1216.0,319.0,1031.0,453.0,1516.0,216.0,12.0,107.0,120.0,918.0,196.0,132.0,634.0,437.0,67.0,24.0,1218.0
145.0,41.0,284.0,494.0,1231.0,307.0,1039.0,462.0,1570.0,228.0,15.0,103.0,121.0,935.0,192.0,138.0,644.0,453.0,73.0,22.0,1248.0
149.0,42.0,283.0,489.0,1226.0,300.0,1047.0,472.0,1568.0,222.0,15.0,101.0,118.0,980.0,195.0,142.0,664.0,484.0,76.0,26.0,1251.0
152.0,45.0,283.0,526.0,1249.0,286.0,1076.0,483.0,1579.0,220.0,18.0,91.0,109.0,1013.0,197.0,143.0,673.0,481.0,77.0,27.0,1235.0
165.0,47.0,298.0,522.0,1294.0,309.0,1097.0,511.0,1619.0,241.0,17.0,96.0,111.0,1081.0,193.0,140.0,710.0,515.0,91.0,31.0,1221.0
175.0,52.0,317.0,552.0,1343.0,311.0,1131.0,545.0,1726.0,245.0,19.0,108.0,111.0,1147.0,201.0,147.0,738.0,569.0,102.0,33.0,1277.0
184.0,51.0,319.0,569.0,1398.0,309.0,1160.0,549.0,1891.0,254.0,20.0,105.0,115.0,1210.0,221.0,148.0,773.0,600.0,112.0,31.0,1215.0
196.0,55.0,341.0,624.0,1418.0,305.0,1217.0,543.0,2022.0,261.0,21.0,97.0,115.0,1246.0,227.0,157.0,792.0,627.0,122.0,30.0,1347.0
189.0,62.0,333.0,692.0,1455.0,308.0,1277.0,542.0,2035.0,260.0,21.0,99.0,121.0,1278.0,271.0,159.0,834.0,676.0,130.0,31.0,1319.0
198.0,65.0,340.0,723.0,1462.0,315.0,1316.0,529.0,2080.0,262.0,21.0,98.0,124.0,1330.0,307.0,162.0,847.0,712.0,131.0,37.0,1351.0
200.0,66.0,336.0,741.0,1483.0,303.0,1307.0,542.0,2167.0,270.0,20.0,89.0,124.0,1350.0,309.0,157.0,870.0,734.0,141.0,35.0,1318.0
206.0,73.0,340.0,773.0,1581.0,326.0,1325.0,557.0,2268.0,277.0,22.0,93.0,136.0,1403.0,315.0,176.0,918.0,780.0,159.0,39.0,1308.0
216.0,73.0,352.0,810.0,1659.0,338.0,1357.0,578.0,2366.0,286.0,23.0,102.0,135.0,1466.0,332.0,192.0,984.0,839.0,172.0,48.0,1356.0
239.0,73.0,364.0,838.0,1714.0,334.0,1445.0,593.0,2546.0,288.0,23.0,103.0,122.0,1528.0,370.0,167.0,1007.0,907.0,187.0,51.0,1405.0
250.0,74.0,382.0,878.0,1763.0,338.0,1477.0,607.0,2646.0,296.0,24.0,96.0,120.0,1582.0,402.0,193.0,1028.0,961.0,196.0,50.0,1429.0
272.0,72.0,386.0,941.0,1884.0,336.0,1555.0,647.0,2748.0,293.0,23.0,92.0,121.0,1649.0,422.0,195.0,1063.0,1001.0,193.0,47.0,1354.0
294.0,76.0,405.0,999.0,1988.0,357.0,1563.0,684.0,2858.0,295.0,25.0,92.0,130.0,1730.0,442.0,202.0,1138.0,1066.0,190.0,47.0,1509.0
309.0,70.0,395.0,1035.0,2017.0,370.0,1591.0,706.0,2844.0,307.0,26.0,94.0,128.0,1810.0,469.0,213.0,1187.0,1107.0,204.0,48.0,1557.0
318.0,71.0,412.0,1107.0,2076.0,382.0,1640.0,701.0,3131.0,309.0,30.0,96.0,130.0,1869.0,468.0,216.0,1261.0,1151.0,210.0,51.0,1613.0
339.0,74.0,416.0,1162.0,2194.0,395.0,1715.0,740.0,3245.0,304.0,30.0,97.0,137.0,1985.0,489.0,218.0,1303.0,1197.0,216.0,52.0,1638.0
370.0,78.0,448.0,1176.0,2318.0,390.0,1779.0,729.0,3458.0,310.0,24.0,94.0,150.0,2059.0,524.0,244.0,1386.0,1230.0,212.0,59.0,1706.0
373.0,74.0,432.0,1205.0,2335.0,391.0,1831.0,727.0,3570.0,326.0,24.0,90.0,157.0,2081.0,541.0,242.0,1441.0,1276.0,222.0,56.0,1584.0
386.0,80.0,432.0,1233.0,2409.0,410.0,1824.0,716.0,3709.0,325.0,20.0,90.0,153.0,2076.0,548.0,259.0,1463.0,1296.0,226.0,60.0,1601.0
391.0,85.0,446.0,1270.0,2460.0,413.0,1879.0,734.0,3731.0,329.0,22.0,98.0,148.0,2077.0,586.0,253.0,1472.0,1315.0,216.0,69.0,1704.0
413.0,89.0,453.0,1334.0,2486.0,408.0,1938.0,731.0,3761.0,328.0,24.0,106.0,148.0,2084.0,614.0,252.0,1488.0,1349.0,236.0,75.0,1730.0
424.0,95.0,469.0,1365.0,2543.0,414.0,1952.0,738.0,3834.0,338.0,25.0,108.0,148.0,2159.0,654.0,264.0,1516.0,1368.0,230.0,76.0,1690.0
433.0,90.0,473.0,1403.0,2605.0,441.0,1993.0,766.0,3916.0,343.0,26.0,111.0,158.0,2207.0,678.0,266.0,1562.0,1441.0,228.0,77.0,1728.0
436.0,88.0,479.0,1382.0,2592.0,478.0,2056.0,768.0,3971.0,347.0,24.0,119.0,172.0,2208.0,719.0,262.0,1559.0,1449.0,217.0,84.0,1753.0
448.0,93.0,473.0,1411.0,2561.0,474.0,2092.0,763.0,3943.0,349.0,22.0,127.0,169.0,2205.0,734.0,288.0,1556.0,1441.0,214.0,82.0,1743.0
458.0,95.0,470.0,1430.0,2617.0,469.0,2117.0,766.0,3990.0,342.0,19.0,120.0,165.0,2199.0,754.0,295.0,1573.0,1454.0,213.0,84.0,1727.0
431.0,93.0,474.0,1439.0,2604.0,466.0,2153.0,782.0,3779.0,349.0,19.0,124.0,167.0,2195.0,779.0,299.0,1587.0,1465.0,208.0,82.0,1697.0
438.0,94.0,464.0,1449.0,2609.0,463.0,2151.0,777.0,3735.0,346.0,19.0,121.0,160.0,2227.0,768.0,305.0,1573.0,1475.0,199.0,82.0,1663.0
448.0,92.0,472.0,1483.0,2694.0,488.0,2226.0,789.0,3663.0,341.0,20.0,124.0,162.0,2275.0,762.0,317.0,1590.0,1454.0,200.0,83.0,1629.0
456.0,94.0,468.0,1491.0,2773.0,503.0,2249.0,774.0,3681.0,350.0,21.0,125.0,169.0,2293.0,784.0,321.0,1625.0,1478.0,199.0,88.0,1605.0
455.0,90.0,465.0,1496.0,2744.0,515.0,2271.0,802.0,3675.0,354.0,34.0,132.0,170.0,2259.0,781.0,361.0,1622.0,1486.0,201.0,83.0,1732.0
449.0,97.0,445.0,1482.0,2729.0,530.0,2307.0,783.0,3664.0,357.0,37.0,120.0,171.0,2258.0,746.0,359.0,1615.0,1491.0,197.0,80.0,1749.0
455.0,101.0,449.0,1487.0,2759.0,516.0,2299.0,757.0,3518.0,358.0,42.0,115.0,176.0,2248.0,764.0,363.0,1600.0,1478.0,192.0,79.0,1742.0
452.0,104.0,425.0,1486.0,2758.0,523.0,2341.0,758.0,3416.0,361.0,44.0,120.0,163.0,2242.0,796.0,401.0,1601.0,1456.0,198.0,76.0,1705.0
453.0,101.0,425.0,1486.0,2763.0,516.0,2326.0,726.0,3326.0,371.0,44.0,115.0,165.0,2200.0,793.0,401.0,1620.0,1461.0,207.0,72.0,1653.0
448.0,99.0,428.0,1492.0,2783.0,548.0,2350.0,748.0,3258.0,364.0,39.0,121.0,170.0,2208.0,794.0,403.0,1610.0,1426.0,216.0,65.0,1640.0
464.0,101.0,425.0,1480.0,2850.0,561.0,2351.0,760.0,3267.0,384.0,40.0,139.0,173.0,2238.0,787.0,409.0,1637.0,1477.0,223.0,71.0,1660.0
465.0,94.0,434.0,1492.0,2852.0,539.0,2279.0,760.0,3279.0,408.0,41.0,131.0,179.0,2213.0,777.0,413.0,1620.0,1478.0,225.0,71.0,1672.0
469.0,93.0,431.0,1435.0,2834.0,539.0,2285.0,737.0,3199.0,392.0,43.0,130.0,173.0,2166.0,740.0,409.0,1612.0,1455.0,228.0,62.0,1642.0
509.0,96.0,426.0,1438.0,2671.0,532.0,2296.0,727.0,3117.0,395.0,43.0,124.0,176.0,2107.0,743.0,406.0,1607.0,1449.0,230.0,61.0,1628.0
521.0,95.0,410.0,1432.0,2579.0,522.0,2273.0,722.0,3030.0,392.0,42.0,127.0,171.0,2093.0,813.0,410.0,1558.0,1406.0,225.0,56.0,1563.0
521.0,92.0,401.0,1416.0,2556.0,509.0,2256.0,722.0,2870.0,377.0,43.0,128.0,170.0,2047.0,819.0,398.0,1542.0,1391.0,224.0,57.0,1487.0
535.0,95.0,394.0,1422.0,2556.0,513.0,2256.0,715.0,2795.0,379.0,44.0,140.0,164.0,2034.0,821.0,393.0,1523.0,1384.0,224.0,53.0,1489.0
544.0,95.0,402.0,1431.0,2607.0,520.0,2298.0,718.0,2765.0,377.0,48.0,150.0,173.0,2060.0,820.0,394.0,1539.0,1387.0,229.0,52.0,1489.0
560.0,98.0,404.0,1420.0,2425.0,495.0,2258.0,713.0,2716.0,366.0,47.0,144.0,177.0,2015.0,799.0,437.0,1509.0,1374.0,212.0,52.0,1492.0
563.0,98.0,396.0,1391.0,2379.0,469.0,2232.0,696.0,2585.0,367.0,50.0,142.0,168.0,1979.0,814.0,434.0,1484.0,1348.0,214.0,55.0,1418.0
543.0,101.0,379.0,1350.0,2315.0,446.0,2185.0,679.0,2454.0,361.0,48.0,123.0,154.0,1893.0,816.0,433.0,1471.0,1295.0,211.0,52.0,1367.0
536.0,105.0,376.0,1320.0,2279.0,431.0,2173.0,662.0,2335.0,348.0,47.0,122.0,147.0,1829.0,813.0,442.0,1439.0,1266.0,201.0,45.0,1173.0
527.0,100.0,378.0,1291.0,2213.0,419.0,2120.0,624.0,2221.0,344.0,44.0,113.0,139.0,1743.0,817.0,437.0,1423.0,1245.0,200.0,44.0,1091.0
522.0,104.0,374.0,1307.0,2189.0,432.0,2092.0,598.0,2104.0,343.0,48.0,121.0,141.0,1723.0,801.0,437.0,1409.0,1190.0,203.0,44.0,1068.0
517.0,103.0,380.0,1286.0,2231.0,434.0,2041.0,619.0,2075.0,352.0,48.0,113.0,137.0,1718.0,805.0,433.0,1430.0,1193.0,210.0,44.0,1054.0
515.0,99.0,377.0,1220.0,2084.0,419.0,2053.0,589.0,2038.0,350.0,45.0,107.0,127.0,1640.0,804.0,431.0,1431.0,1150.0,211.0,42.0,989.0
511.0,93.0,385.0,1184.0,2036.0,394.0,2010.0,545.0,1918.0,349.0,45.0,96.0,115.0,1543.0,791.0,425.0,1401.0,1117.0,204.0,38.0,1000.0
493.0,95.0,382.0,1163.0,1939.0,391.0,1949.0,530.0,1807.0,340.0,42.0,95.0,100.0,1470.0,789.0,412.0,1343.0,1089.0,194.0,37.0,939.0
476.0,104.0,374.0,1101.0,1865.0,370.0,1897.0,512.0,1678.0,318.0,40.0,91.0,87.0,1368.0,784.0,397.0,1297.0,1044.0,190.0,33.0,909.0
448.0,99.0,355.0,1076.0,1838.0,349.0,1807.0,493.0,1547.0,308.0,38.0,75.0,85.0,1275.0,782.0,399.0,1288.0,1021.0,178.0,28.0,851.0
457.0,106.0,361.0,1026.0,1814.0,349.0,1788.0,491.0,1481.0,301.0,31.0,89.0,83.0,1317.0,784.0,395.0,1279.0,1011.0,186.0,28.0,841.0
454.0,107.0,374.0,1039.0,1857.0,340.0,1831.0,503.0,1483.0,303.0,31.0,89.0,86.0,1272.0,789.0,396.0,1256.0,1038.0,183.0,29.0,843.0
445.0,110.0,371.0,1040.0,1803.0,319.0,1803.0,482.0,1409.0,294.0,31.0,83.0,79.0,1223.0,780.0,391.0,1254.0,1022.0,172.0,35.0,826.0
431.0,110.0,346.0,970.0,1731.0,314.0,1759.0,446.0,1331.0,273.0,28.0,90.0,75.0,1165.0,756.0,379.0,1215.0,1002.0,166.0,32.0,794.0
430.0,113.0,326.0,927.0,1659.0,287.0,1693.0,419.0,1306.0,260.0,26.0,88.0,72.0,1115.0,733.0,374.0,1199.0,963.0,164.0,35.0,775.0
429.0,117.0,318.0,884.0,1573.0,265.0,1628.0,393.0,1290.0,249.0,26.0,79.0,71.0,1055.0,713.0,374.0,1186.0,922.0,159.0,35.0,739.0
404.0,110.0,304.0,846.0,1486.0,228.0,1578.0,371.0,1201.0,239.0,25.0,75.0,62.0,1008.0,663.0,363.0,1123.0,899.0,155.0,34.0,692.0
404.0,103.0,298.0,816.0,1468.0,225.0,1516.0,370.0,1156.0,229.0,26.0,73.0,60.0,1000.0,643.0,361.0,1121.0,871.0,153.0,34.0,674.0
400.0,96.0,312.0,787.0,1498.0,229.0,1534.0,370.0,1149.0,237.0,27.0,73.0,60.0,989.0,626.0,363.0,1116.0,856.0,157.0,28.0,658.0
380.0,96.0,301.0,789.0,1417.0,213.0,1460.0,362.0,1104.0,221.0,29.0,73.0,49.0,959.0,629.0,332.0,1111.0,846.0,156.0,23.0,614.0
348.0,96.0,294.0,715.0,1339.0,207.0,1395.0,320.0,1078.0,196.0,31.0,72.0,50.0,880.0,614.0,354.0,1071.0,826.0,148.0,21.0,580.0
337.0,94.0,289.0,682.0,1298.0,196.0,1328.0,296.0,1041.0,202.0,29.0,67.0,50.0,834.0,615.0,347.0,1034.0,796.0,152.0,20.0,546.0
325.0,95.0,290.0,685.0,1259.0,176.0,1260.0,267.0,983.0,192.0,31.0,63.0,50.0,773.0,601.0,356.0,1034.0,783.0,147.0,17.0,535.0
314.0,91.0,281.0,682.0,1235.0,162.0,1218.0,260.0,930.0,191.0,29.0,69.0,52.0,729.0,588.0,344.0,976.0,762.0,141.0,16.0,513.0
303.0,89.0,283.0,638.0,1245.0,168.0,1211.0,259.0,903.0,183.0,29.0,69.0,55.0,732.0,571.0,351.0,949.0,731.0,135.0,15.0,512.0
306.0,89.0,292.0,621.0,1278.0,171.0,1241.0,269.0,903.0,192.0,28.0,68.0,61.0,736.0,569.0,349.0,987.0,750.0,147.0,16.0,526.0
292.0,91.0,307.0,604.0,1207.0,170.0,1152.0,261.0,902.0,187.0,29.0,64.0,57.0,727.0,575.0,343.0,959.0,747.0,145.0,18.0,531.0
286.0,88.0,323.0,575.0,1157.0,154.0,1162.0,261.0,873.0,188.0,23.0,65.0,52.0,685.0,562.0,335.0,960.0,731.0,140.0,16.0,502.0
266.0,94.0,334.0,570.0,1132.0,160.0,1116.0,262.0,848.0,184.0,22.0,60.0,47.0,664.0,572.0,331.0,933.0,716.0,147.0,17.0,484.0
258.0,91.0,325.0,570.0,1106.0,160.0,1119.0,248.0,856.0,183.0,22.0,59.0,43.0,619.0,559.0,326.0,933.0,686.0,152.0,16.0,470.0
269.0,92.0,327.0,572.0,1099.0,150.0,1095.0,253.0,848.0,175.0,21.0,61.0,34.0,622.0,570.0,335.0,896.0,685.0,159.0,23.0,461.0
285.0,90.0,328.0,589.0,1106.0,146.0,1108.0,256.0,835.0,172.0,25.0,54.0,37.0,624.0,571.0,328.0,895.0,667.0,160.0,22.0,458.0
296.0,89.0,339.0,606.0,1133.0,150.0,1113.0,270.0,859.0,174.0,27.0,53.0,37.0,648.0,590.0,341.0,925.0,681.0,171.0,20.0,464.0
297.0,90.0,345.0,590.0,1098.0,147.0,1128.0,252.0,902.0,165.0,24.0,63.0,34.0,638.0,576.0,346.0,941.0,690.0,172.0,17.0,460.0
286.0,94.0,352.0,612.0,1068.0,139.0,1099.0,248.0,880.0,168.0,22.0,57.0,39.0,614.0,564.0,353.0,942.0,699.0,171.0,14.0,466.0
274.0,92.0,361.0,604.0,1044.0,141.0,1110.0,237.0,902.0,175.0,20.0,53.0,38.0,598.0,577.0,356.0,939.0,680.0,186.0,16.0,467.0
265.0,87.0,374.0,628.0,1017.0,134.0,1090.0,230.0,916.0,191.0,22.0,57.0,35.0,606.0,589.0,356.0,918.0,709.0,179.0,16.0,458.0
269.0,93.0,379.0,625.0,918.0,130.0,1088.0,235.0,938.0,196.0,23.0,52.0,29.0,597.0,598.0,345.0,910.0,719.0,190.0,14.0,442.0
286.0,100.0,369.0,643.0,931.0,134.0,1093.0,236.0,931.0,202.0,27.0,53.0,33.0,603.0,589.0,342.0,938.0,741.0,193.0,16.0,437.0
286.0,108.0,384.0,633.0,966.0,140.0,1145.0,243.0,956.0,218.0,26.0,66.0,41.0,596.0,601.0,354.0,981.0,769.0,202.0,19.0,457.0
290.0,106.0,390.0,650.0,1003.0,138.0,1153.0,259.0,979.0,220.0,26.0,77.0,40.0,591.0,652.0,349.0,1005.0,790.0,196.0,18.0,492.0
287.0,98.0,399.0,654.0,1007.0,134.0,1170.0,253.0,987.0,227.0,28.0,73.0,41.0,585.0,638.0,340.0,989.0,790.0,195.0,15.0,495.0
290.0,101.0,388.0,648.0,1012.0,136.0,1187.0,251.0,1006.0,233.0,28.0,65.0,47.0,592.0,647.0,335.0,983.0,807.0,203.0,15.0,502.0
287.0,104.0,391.0,674.0,999.0,128.0,1180.0,247.0,999.0,238.0,25.0,72.0,46.0,592.0,645.0,332.0,969.0,806.0,204.0,14.0,489.0
289.0,111.0,386.0,688.0,1033.0,124.0,1190.0,253.0,960.0,238.0,25.0,61.0,50.0,589.0,652.0,343.0,964.0,809.0,203.0,13.0,494.0
284.0,114.0,398.0,698.0,1071.0,133.0,1201.0,257.0,972.0,235.0,25.0,63.0,54.0,610.0,662.0,340.0,993.0,823.0,214.0,16.0,482.0
302.0,110.0,401.0,733.0,1124.0,136.0,1232.0,266.0,1014.0,248.0,27.0,78.0,57.0,630.0,664.0,343.0,1019.0,863.0,216.0,18.0,502.0
301.0,115.0,399.0,753.0,1124.0,139.0,1279.0,271.0,1056.0,249.0,29.0,71.0,58.0,626.0,691.0,348.0,1040.0,883.0,220.0,20.0,555.0
303.0,112.0,403.0,737.0,1150.0,139.0,1280.0,271.0,1079.0,254.0,33.0,72.0,56.0,638.0,707.0,353.0,1046.0,891.0,227.0,19.0,582.0
310.0,109.0,387.0,762.0,1169.0,141.0,1270.0,250.0,1081.0,257.0,33.0,74.0,59.0,620.0,694.0,354.0,1049.0,900.0,233.0,20.0,594.0
311.0,108.0,382.0,767.0,1175.0,148.0,1279.0,256.0,1112.0,250.0,34.0,71.0,60.0,622.0,717.0,355.0,1032.0,899.0,246.0,21.0,612.0
313.0,106.0,376.0,759.0,1198.0,151.0,1269.0,258.0,1118.0,249.0,29.0,64.0,58.0,630.0,718.0,349.0,1038.0,891.0,255.0,20.0,593.0
325.0,105.0,368.0,771.0,1221.0,146.0,1266.0,260.0,1125.0,244.0,30.0,64.0,66.0,649.0,712.0,348.0,1042.0,891.0,267.0,21.0,585.0
322.0,101.0,384.0,764.0,1266.0,151.0,1270.0,263.0,1152.0,255.0,27.0,65.0,68.0,656.0,722.0,353.0,1074.0,934.0,269.0,27.0,601.0
338.0,100.0,384.0,760.0,1244.0,148.0,1224.0,258.0,1198.0,241.0,28.0,54.0,62.0,654.0,730.0,353.0,1058.0,954.0,284.0,25.0,620.0
326.0,103.0,368.0,756.0,1260.0,140.0,1233.0,253.0,1179.0,245.0,30.0,50.0,58.0,648.0,724.0,347.0,1057.0,924.0,282.0,21.0,626.0
326.0,101.0,361.0,756.0,1280.0,142.0,1231.0,251.0,1128.0,231.0,29.0,49.0,60.0,657.0,715.0,336.0,1057.0,910.0,277.0,17.0,635.0
327.0,102.0,361.0,751.0,1291.0,141.0,1236.0,255.0,1143.0,231.0,31.0,49.0,64.0,673.0,717.0,347.0,1044.0,875.0,279.0,16.0,631.0
323.0,99.0,357.0,745.0,1275.0,140.0,1186.0,264.0,1147.0,235.0,32.0,44.0,63.0,685.0,711.0,351.0,1038.0,852.0,282.0,14.0,642.0
319.0,98.0,363.0,745.0,1305.0,141.0,1213.0,276.0,1122.0,218.0,32.0,45.0,63.0,692.0,697.0,358.0,1049.0,826.0,284.0,15.0,642.0
326.0,101.0,367.0,747.0,1343.0,151.0,1267.0,281.0,1146.0,211.0,33.0,50.0,62.0,708.0,688.0,368.0,1077.0,840.0,285.0,19.0,652.0
326.0,95.0,360.0,745.0,1336.0,151.0,1255.0,294.0,1148.0,209.0,33.0,52.0,63.0,718.0,677.0,367.0,1027.0,845.0,278.0,19.0,672.0
326.0,93.0,344.0,726.0,1366.0,149.0,1262.0,293.0,1189.0,215.0,34.0,47.0,54.0,721.0,663.0,375.0,1003.0,809.0,279.0,17.0,650.0
324.0,93.0,343.0,728.0,1355.0,153.0,1275.0,298.0,1163.0,205.0,32.0,41.0,45.0,729.0,650.0,361.0,987.0,783.0,273.0,17.0,640.0
308.0,95.0,330.0,735.0,1341.0,147.0,1237.0,312.0,1155.0,199.0,31.0,40.0,48.0,726.0,660.0,357.0,1007.0,748.0,271.0,17.0,635.0
327.0,95.0,330.0,738.0,1308.0,140.0,1260.0,300.0,1161.0,202.0,28.0,35.0,50.0,710.0,639.0,350.0,967.0,740.0,261.0,17.0,631.0
320.0,97.0,311.0,721.0,1324.0,150.0,1234.0,308.0,1141.0,193.0,28.0,35.0,51.0,704.0,635.0,338.0,955.0,704.0,246.0,21.0,645.0
329.0,102.0,317.0,726.0,1372.0,159.0,1229.0,310.0,1152.0,197.0,27.0,34.0,62.0,755.0,638.0,344.0,947.0,735.0,244.0,22.0,650.0
335.0,104.0,319.0,743.0,1423.0,171.0,1241.0,333.0,1182.0,194.0,31.0,36.0,68.0,795.0,642.0,351.0,986.0,758.0,247.0,23.0,654.0
338.0,102.0,311.0,780.0,1430.0,170.0,1220.0,331.0,1207.0,184.0,32.0,37.0,72.0,796.0,626.0,345.0,943.0,754.0,271.0,18.0,653.0
